entry_ts_dh,date,type_dh,short_strike_dh,long_strike_dh,pnl,lots,pnl_per_lot,exit_ts_dh,expiry,type_bt,entry_ts_bt,atm,lot,short_strike_bt,long_strike_bt,credit,margin,alpha,alpha2,spot_entry,exit_ts_bt,exit_reason,exit_cost_to_close,gross_pnl,charges,net_pnl,same_type,same_short,entry_diff_min
2025-07-10 10:20:00,2025-07-10,bull_put,25400.0,25000.0,-2171.25,3,-723.75,2025-07-11 00:00:11.800,2025-07-10,bear_call,2025-07-10 10:50:00,25400,75,25400,25800,52.1,26092.5,0.1291139240506329,0.1491525423728813,25403.55,2025-07-10 15:16:00,TIME,0.15,3896.25,100.19720980249998,3796.0527901975,False,True,30.0
2025-07-11 10:20:00,2025-07-11,bear_call,25250.0,25650.0,19830.0,4,4957.5,2025-07-14 15:00:52.623,2025-07-17,bear_call,2025-07-11 10:18:00,25250,75,25250,25650,119.0,21075.0,0.1518987341772152,0.0711864406779661,25252.2,2025-07-14 15:16:00,TIME,48.75,5268.75,112.7353453175,5156.0146546825,True,True,2.0
2025-07-15 10:19:00,2025-07-15,bear_call,25150.0,25550.0,-13215.0,4,-3303.75,2025-07-15 11:01:31.335,2025-07-17,bear_call,2025-07-15 10:19:00,25100,75,25100,25500,92.65,23051.25,0.1493670886075949,0.1152542372881356,25113.75,2025-07-15 11:02:00,SL,144.05,-3855.000000000001,112.921977125,-3967.921977125001,True,False,0.0
2025-07-15 10:19:00,2025-07-15,bear_call,25150.0,25550.0,-13215.0,4,-3303.75,2025-07-15 11:01:31.335,2025-07-17,bull_put,2025-07-15 11:10:00,25250,75,25250,24850,78.30000000000001,24127.5,0.9493670886075948,0.8711864406779661,25231.75,2025-07-16 09:26:00,SL,127.5,-3690.0,109.279218455,-3799.279218455,False,False,51.0
2025-07-15 11:04:00,2025-07-15,bull_put,25200.0,24800.0,9285.0,4,2321.25,2025-07-16 15:00:40.134,2025-07-17,bear_call,2025-07-15 10:19:00,25100,75,25100,25500,92.65,23051.25,0.1493670886075949,0.1152542372881356,25113.75,2025-07-15 11:02:00,SL,144.05,-3855.000000000001,112.921977125,-3967.921977125001,False,False,45.0
2025-07-15 11:04:00,2025-07-15,bull_put,25200.0,24800.0,9285.0,4,2321.25,2025-07-16 15:00:40.134,2025-07-17,bull_put,2025-07-15 11:10:00,25250,75,25250,24850,78.30000000000001,24127.5,0.9493670886075948,0.8711864406779661,25231.75,2025-07-16 09:26:00,SL,127.5,-3690.0,109.279218455,-3799.279218455,True,False,6.0
2025-07-18 14:14:00,2025-07-18,bull_put,24950.0,24550.0,13740.0,4,3435.0,2025-07-21 15:00:29.733,2025-07-24,bear_call,2025-07-18 10:16:00,25000,75,25000,25400,125.75,20568.75,0.0645569620253164,0.0033898305084745,24996.35,2025-07-21 15:16:00,TIME,139.45000000000002,-1027.5000000000025,118.322844515,-1145.8228445150023,False,False,238.0
2025-07-22 10:15:00,2025-07-22,bull_put,25100.0,24700.0,14670.0,4,3667.5,2025-07-23 15:00:29.672,2025-07-24,bear_call,2025-07-22 10:30:00,25100,75,25100,25500,79.2,24060.0,0.0683544303797468,0.1084745762711864,25102.0,2025-07-23 14:15:00,SL,133.45000000000002,-4068.750000000001,108.5482615625,-4177.298261562501,False,True,15.0
2025-07-24 10:22:00,2025-07-24,bull_put,25150.0,24750.0,-9393.75,3,-3131.25,2025-07-24 11:34:57.816,2025-07-24,bear_call,2025-07-24 10:39:00,25150,75,25150,25550,42.55,26808.75,0.1518987341772152,0.1762711864406779,25171.2,2025-07-24 15:16:00,TIME,0.1,3183.75,99.1196392775,3084.6303607225,False,True,17.0
2025-07-24 11:37:00,2025-07-24,bear_call,25100.0,25500.0,6693.75,3,2231.25,2025-07-25 00:00:15.429,2025-07-24,bear_call,2025-07-24 10:39:00,25150,75,25150,25550,42.55,26808.75,0.1518987341772152,0.1762711864406779,25171.2,2025-07-24 15:16:00,TIME,0.1,3183.75,99.1196392775,3084.6303607225,True,False,58.0
2025-07-25 10:16:00,2025-07-25,bear_call,24900.0,25300.0,19815.0,4,4953.75,2025-07-28 15:00:38.429,2025-07-31,bull_put,2025-07-25 10:22:00,24850,75,24850,24450,86.2,23535.0,0.8253164556962025,0.8949152542372881,24873.75,2025-07-28 09:16:00,SL,136.15,-3746.25,114.9023420075,-3861.1523420075,False,False,6.0
2025-07-29 10:15:00,2025-07-29,bear_call,24650.0,25050.0,-14310.0,4,-3577.5,2025-07-29 13:33:57.916,2025-07-31,bear_call,2025-07-29 10:28:00,24650,75,24650,25050,85.75,23568.75,0.1025316455696202,0.0745762711864406,24635.0,2025-07-29 13:33:00,SL,134.4,-3648.750000000001,112.7954344625,-3761.545434462501,True,True,13.0
2025-07-29 10:15:00,2025-07-29,bear_call,24650.0,25050.0,-14310.0,4,-3577.5,2025-07-29 13:33:57.916,2025-07-31,bull_put,2025-07-29 13:34:00,24750,75,24750,24350,64.7,25147.5,0.9417721518987342,0.9898305084745764,24756.35,2025-07-30 15:16:00,TIME,18.4,3472.5000000000005,103.34847071,3369.1515292900003,False,False,199.0
2025-07-29 13:35:00,2025-07-29,bull_put,24750.0,24350.0,13950.0,4,3487.5,2025-07-30 15:00:23.631,2025-07-31,bear_call,2025-07-29 10:28:00,24650,75,24650,25050,85.75,23568.75,0.1025316455696202,0.0745762711864406,24635.0,2025-07-29 13:33:00,SL,134.4,-3648.750000000001,112.7954344625,-3761.545434462501,False,False,187.0
2025-07-29 13:35:00,2025-07-29,bull_put,24750.0,24350.0,13950.0,4,3487.5,2025-07-30 15:00:23.631,2025-07-31,bull_put,2025-07-29 13:34:00,24750,75,24750,24350,64.7,25147.5,0.9417721518987342,0.9898305084745764,24756.35,2025-07-30 15:16:00,TIME,18.4,3472.5000000000005,103.34847071,3369.1515292900003,True,True,1.0
2025-07-31 10:27:00,2025-07-31,bull_put,24700.0,24300.0,12341.25,3,4113.75,2025-08-01 00:00:10.157,2025-07-31,bull_put,2025-07-31 10:26:00,24700,75,24700,24300,57.0,25725.0,0.8848101265822785,0.823728813559322,24686.75,2025-07-31 15:16:00,TIME,0.35,4248.75,100.8352631375,4147.9147368625,True,True,1.0
2025-08-01 10:15:00,2025-08-01,bull_put,24750.0,24350.0,-14415.0,4,-3603.75,2025-08-01 12:43:47.132,2025-08-07,bull_put,2025-08-01 10:21:00,24750,75,24750,24350,107.1,21967.5,0.8658227848101265,1.0,24766.1,2025-08-01 11:45:00,SL,152.90000000000003,-3435.000000000003,121.88885891,-3556.888858910004,True,True,6.0
2025-08-01 10:15:00,2025-08-01,bull_put,24750.0,24350.0,-14415.0,4,-3603.75,2025-08-01 12:43:47.132,2025-08-07,bull_put,2025-08-01 11:50:00,24650,75,24650,24250,104.04999999999998,22196.250000000004,0.8987341772151899,0.9559322033898304,24666.95,2025-08-01 15:11:00,SL,151.9,-3588.750000000002,122.2639522325,-3711.0139522325017,True,False,95.0
2025-08-01 12:51:00,2025-08-01,bull_put,24650.0,24250.0,12705.0,4,3176.25,2025-08-04 15:00:35.451,2025-08-07,bull_put,2025-08-01 10:21:00,24750,75,24750,24350,107.1,21967.5,0.8658227848101265,1.0,24766.1,2025-08-01 11:45:00,SL,152.90000000000003,-3435.000000000003,121.88885891,-3556.888858910004,True,False,150.0
2025-08-01 12:51:00,2025-08-01,bull_put,24650.0,24250.0,12705.0,4,3176.25,2025-08-04 15:00:35.451,2025-08-07,bull_put,2025-08-01 11:50:00,24650,75,24650,24250,104.04999999999998,22196.250000000004,0.8987341772151899,0.9559322033898304,24666.95,2025-08-01 15:11:00,SL,151.9,-3588.750000000002,122.2639522325,-3711.0139522325017,True,True,61.0
2025-08-07 10:31:00,2025-08-07,bear_call,24450.0,24850.0,-9888.75,3,-3296.25,2025-08-07 14:22:22.717,2025-08-07,bear_call,2025-08-07 10:29:00,24450,75,24450,24850,43.6,26730.0,0.0544303797468354,0.047457627118644,24456.6,2025-08-07 15:01:00,SL,106.95,-4751.25,102.90496225249998,-4854.1549622525,True,True,2.0
2025-08-08 10:27:00,2025-08-08,bull_put,24450.0,24050.0,-13890.0,4,-3472.5,2025-08-08 15:12:38.331,2025-08-14,bull_put,2025-08-08 10:19:00,24450,75,24450,24050,93.95,22953.75,0.810126582278481,0.9694915254237289,24460.0,2025-08-11 15:16:00,TIME,46.2,3581.2500000000005,110.7317519675,3470.5182480325007,True,True,8.0
2025-08-12 10:15:00,2025-08-12,bear_call,24650.0,25050.0,12840.0,4,3210.0,2025-08-13 15:00:48.798,2025-08-14,bear_call,2025-08-12 10:20:00,24650,75,24650,25050,99.7,22522.5,0.1772151898734177,0.1491525423728813,24650.9,2025-08-13 15:16:00,TIME,54.25,3408.75,108.15229067750002,3300.5977093225,True,True,5.0
2025-08-14 10:22:00,2025-08-14,bull_put,24650.0,24250.0,5422.5,3,1807.5,2025-08-15 00:00:13.621,2025-08-14,bull_put,2025-08-14 10:23:00,24650,75,24650,24250,41.35,26898.75,0.9367088607594936,0.8576271186440678,24650.15,2025-08-14 15:16:00,TIME,23.6,1331.25,99.7758223925,1231.4741776075,True,True,1.0
2025-08-18 10:27:00,2025-08-18,bear_call,25000.0,25400.0,12195.0,4,3048.75,2025-08-19 15:00:42.125,2025-08-21,bull_put,2025-08-18 10:21:00,25000,75,25000,24600,96.7,22747.5,0.8670886075949367,0.9898305084745764,24999.0,2025-08-18 12:14:00,SL,142.75,-3453.75,116.2502748725,-3570.0002748725,False,True,6.0
2025-08-18 10:27:00,2025-08-18,bear_call,25000.0,25400.0,12195.0,4,3048.75,2025-08-19 15:00:42.125,2025-08-21,bull_put,2025-08-18 12:20:00,24900,75,24900,24500,93.45,22991.25,0.8721518987341772,0.9932203389830508,24884.65,2025-08-19 15:16:00,TIME,35.85,4320.0,108.27007194500004,4211.729928055,False,False,113.0
2025-08-20 10:17:00,2025-08-20,bull_put,25000.0,24600.0,19575.0,4,4893.75,2025-08-21 15:00:34.628,2025-08-21,bear_call,2025-08-20 10:23:00,25000,75,25000,25400,62.15,25338.75,0.1518987341772152,0.0983050847457627,24990.65,2025-08-21 09:59:00,SL,115.3,-3986.25,105.2628661775,-4091.5128661775,False,True,6.0
2025-08-22 10:20:00,2025-08-22,bear_call,24950.0,25350.0,1335.0,4,333.75,2025-08-25 15:00:36.875,2025-08-28,bear_call,2025-08-22 10:17:00,24950,75,24950,25350,110.0,21750.0,0.0974683544303797,0.0169491525423728,24950.9,2025-08-25 15:16:00,TIME,92.25,1331.25,112.1432722625,1219.1067277375,True,True,3.0
2025-08-26 10:16:00,2025-08-26,bear_call,24800.0,25200.0,21075.0,5,4215.0,2025-08-28 10:55:48.767,2025-08-28,bear_call,2025-08-26 10:16:00,24800,75,24800,25200,59.55,25533.75,0.060759493670886,0.0610169491525423,24783.75,2025-08-28 15:16:00,TIME,0.1,4458.75,101.6063776175,4357.1436223825,True,True,0.0
2025-08-29 10:21:00,2025-08-29,bull_put,24500.0,24100.0,23062.5,5,4612.5,2025-09-01 15:00:51.488,2025-09-02,bull_put,2025-08-29 10:17:00,24500,75,24500,24100,81.95,23853.75,0.8734177215189873,0.9898305084745764,24483.25,2025-09-01 15:16:00,TIME,16.6,4901.25,105.3485716475,4795.9014283525,True,True,4.0
2025-09-02 10:15:00,2025-09-02,bear_call,24750.0,25150.0,2576.25,2,1288.125,2025-09-03 15:00:21.222,2025-09-02,bear_call,2025-09-02 10:17:00,24750,75,24750,25150,31.600000000000005,27630.0,0.1139240506329113,0.1864406779661017,24726.1,2025-09-02 15:16:00,TIME,0.1,2362.5000000000005,97.895209685,2264.6047903150006,True,True,2.0
2025-09-04 10:16:00,2025-09-04,bear_call,24850.0,25250.0,15180.0,4,3795.0,2025-09-05 15:00:37.904,2025-09-09,bull_put,2025-09-04 10:20:00,24850,75,24850,24450,76.65,24251.25,0.9518987341772152,0.8203389830508474,24857.8,2025-09-04 14:23:00,SL,131.05,-4080.000000000001,112.0808441,-4192.080844100001,False,True,4.0
2025-09-08 10:16:00,2025-09-08,bear_call,24800.0,25200.0,-13140.0,4,-3285.0,2025-09-08 12:40:54.364,2025-09-09,bear_call,2025-09-08 13:20:00,24850,75,24850,25250,69.60000000000001,24780.0,0.1367088607594936,0.0135593220338983,24853.1,2025-09-09 15:16:00,TIME,16.05,4016.250000000001,102.5699494625,3913.680050537501,True,False,184.0
2025-09-08 12:41:00,2025-09-08,bull_put,24850.0,24450.0,-12900.0,4,-3225.0,2025-09-08 15:02:23.321,2025-09-09,bear_call,2025-09-08 13:20:00,24850,75,24850,25250,69.60000000000001,24780.0,0.1367088607594936,0.0135593220338983,24853.1,2025-09-09 15:16:00,TIME,16.05,4016.250000000001,102.5699494625,3913.680050537501,False,True,39.0
2025-09-10 10:31:00,2025-09-10,bull_put,25050.0,24650.0,4035.0,4,1008.75,2025-09-11 15:00:32.331,2025-09-16,bull_put,2025-09-10 10:26:00,25050,75,25050,24650,96.9,22732.5,0.8734177215189873,1.0,25025.05,2025-09-11 15:16:00,TIME,80.6,1222.500000000001,112.024299215,1110.475700785001,True,True,5.0
2025-09-12 10:20:00,2025-09-12,bear_call,25050.0,25450.0,6825.0,4,1706.25,2025-09-15 15:00:37.740,2025-09-16,bear_call,2025-09-12 10:19:00,25050,75,25050,25450,100.1,22492.5,0.1569620253164557,0.1830508474576271,25066.6,2025-09-15 15:16:00,TIME,77.2,1717.5000000000005,108.47884700000002,1609.0211530000004,True,True,1.0
2025-09-16 10:44:00,2025-09-16,bear_call,25150.0,25550.0,-8505.0,3,-2835.0,2025-09-17 00:00:03.977,2025-09-16,bear_call,2025-09-16 10:44:00,25150,75,25150,25550,51.75000000000001,26118.75,0.110126582278481,0.1457627118644067,25166.5,2025-09-16 15:16:00,TIME,86.15,-2580.0,102.88092098,-2682.88092098,True,True,0.0
2025-09-17 10:16:00,2025-09-17,bear_call,25300.0,25700.0,-17805.0,4,-4451.25,2025-09-18 09:15:01.815,2025-09-23,bull_put,2025-09-17 10:22:00,25300,75,25300,24900,63.85,25211.25,0.9139240506329114,0.9966101694915256,25319.65,2025-09-18 15:16:00,TIME,21.55,3172.5,104.38812656,3068.11187344,False,True,6.0
2025-09-24 10:46:00,2025-09-24,bear_call,25100.0,25500.0,20025.0,4,5006.25,2025-09-25 15:00:28.691,2025-09-30,bull_put,2025-09-24 10:18:00,25100,75,25100,24700,71.69999999999999,24622.5,0.8493670886075949,0.9932203389830508,25106.6,2025-09-25 11:45:00,SL,121.85000000000002,-3761.2500000000023,110.1056430725,-3871.3556430725034,False,True,28.0
2025-09-26 10:25:00,2025-09-26,bull_put,24800.0,24400.0,-18075.0,5,-3615.0,2025-09-26 13:50:04.482,2025-09-30,bull_put,2025-09-26 10:52:00,24800,75,24800,24400,56.900000000000006,25732.5,0.9379746835443038,0.8848484848484849,24805.05,2025-09-26 13:51:00,SL,112.35,-4158.749999999999,107.0475670175,-4265.797567017499,True,True,27.0
2025-09-26 10:25:00,2025-09-26,bull_put,24800.0,24400.0,-18075.0,5,-3615.0,2025-09-26 13:50:04.482,2025-09-30,bear_call,2025-09-26 13:59:00,24650,75,24650,25050,101.75,22368.75,0.0354430379746835,0.1016949152542373,24660.35,2025-09-29 09:35:00,SL,147.25,-3412.5,112.857729425,-3525.357729425,False,False,214.0
2025-09-26 13:51:00,2025-09-26,bear_call,24700.0,25100.0,3840.0,4,960.0,2025-09-29 15:00:43.960,2025-09-30,bull_put,2025-09-26 10:52:00,24800,75,24800,24400,56.900000000000006,25732.5,0.9379746835443038,0.8848484848484849,24805.05,2025-09-26 13:51:00,SL,112.35,-4158.749999999999,107.0475670175,-4265.797567017499,False,False,179.0
2025-09-26 13:51:00,2025-09-26,bear_call,24700.0,25100.0,3840.0,4,960.0,2025-09-29 15:00:43.960,2025-09-30,bear_call,2025-09-26 13:59:00,24650,75,24650,25050,101.75,22368.75,0.0354430379746835,0.1016949152542373,24660.35,2025-09-29 09:35:00,SL,147.25,-3412.5,112.857729425,-3525.357729425,True,False,8.0
2025-10-01 10:33:00,2025-10-01,?,,,20685.0,4,5171.25,2025-10-03 15:00:32.667,2025-10-07,bull_put,2025-10-01 10:18:00,24650,75,24650,24250,79.2,24060.0,0.859493670886076,0.9389830508474576,24665.7,2025-10-03 15:16:00,TIME,11.85,5051.250000000001,105.7977829175,4945.452217082501,False,False,15.0
2025-10-06 10:18:00,2025-10-06,?,,,21870.0,4,5467.5,2025-10-07 15:00:48.928,2025-10-07,bear_call,2025-10-06 10:31:00,24950,75,24950,25350,68.9,24832.5,0.1582278481012658,0.1525423728813559,24966.6,2025-10-06 13:00:00,SL,120.75,-3888.75,106.2373638425,-3994.9873638425,False,False,13.0
2025-10-06 10:18:00,2025-10-06,?,,,21870.0,4,5467.5,2025-10-07 15:00:48.928,2025-10-07,bull_put,2025-10-06 13:04:00,25050,75,25050,24650,47.45,26441.25,0.8075949367088607,0.8576271186440678,25046.75,2025-10-07 15:16:00,TIME,0.15,3547.5000000000005,100.17795341,3447.3220465900004,False,False,166.0
2025-10-08 10:16:00,2025-10-08,?,,,-1770.0,4,-442.5,2025-10-09 15:00:43.839,2025-10-14,bear_call,2025-10-08 10:20:00,25150,75,25150,25550,106.85,21986.25,0.1835443037974683,0.0779661016949152,25141.95,2025-10-09 15:16:00,TIME,112.45,-419.9999999999985,112.02940979,-532.0294097899985,False,False,4.0
2025-10-10 10:17:00,2025-10-10,?,,,-12795.0,4,-3198.75,2025-10-13 09:17:11.353,2025-10-14,bull_put,2025-10-10 10:18:00,25300,75,25300,24900,56.35000000000001,25773.75,0.981012658227848,0.976271186440678,25289.85,2025-10-13 09:17:00,SL,113.9,-4316.25,107.2988402525,-4423.5488402525,False,False,1.0
2025-10-13 10:21:00,2025-10-13,?,,,-12975.0,4,-3243.75,2025-10-14 09:15:15.065,2025-10-14,bear_call,2025-10-13 10:22:00,25200,75,25200,25600,65.45,25091.25,0.0620253164556962,0.0372881355932203,25177.1,2025-10-14 09:17:00,SL,118.55,-3982.5,105.93743515999998,-4088.43743516,False,False,1.0
2025-10-14 10:19:00,2025-10-14,?,,,11148.75,3,3716.25,2025-10-14 15:00:48.660,2025-10-14,bull_put,2025-10-14 10:28:00,25200,75,25200,24800,44.1,26692.5,0.9898734177215188,0.8542372881355932,25209.2,2025-10-14 12:11:00,SL,105.6,-4612.500000000001,102.98968476499998,-4715.489684765001,False,False,9.0
2025-10-14 10:19:00,2025-10-14,?,,,11148.75,3,3716.25,2025-10-14 15:00:48.660,2025-10-14,bull_put,2025-10-14 12:16:00,25100,75,25100,24700,38.1,27142.5,0.8341772151898734,0.8271186440677966,25114.55,2025-10-14 15:16:00,TIME,0.15,2846.25,98.5725190025,2747.6774809975,False,False,117.0
2025-10-15 10:27:00,2025-10-15,?,,,18270.0,4,4567.5,2025-10-16 15:00:02.130,2025-10-20,bull_put,2025-10-15 10:23:00,25300,75,25300,24900,75.4,24345.0,0.9253164556962026,1.0,25275.0,2025-10-16 15:16:00,TIME,14.849999999999998,4541.250000000001,106.0523812775,4435.197618722501,False,False,4.0
2025-10-17 10:20:00,2025-10-17,?,,,-13950.0,4,-3487.5,2025-10-17 11:00:59.509,2025-10-20,bull_put,2025-10-17 10:32:00,25700,75,25700,25300,75.94999999999999,24303.75,0.8518987341772152,0.8305084745762712,25688.6,2025-10-20 15:16:00,TIME,0.1,5688.75,104.2246640675,5584.5253359325,False,False,12.0
2025-10-17 11:01:00,2025-10-17,?,,,-13425.0,4,-3356.25,2025-10-17 13:04:36.197,2025-10-20,bull_put,2025-10-17 10:32:00,25700,75,25700,25300,75.94999999999999,24303.75,0.8518987341772152,0.8305084745762712,25688.6,2025-10-20 15:16:00,TIME,0.1,5688.75,104.2246640675,5584.5253359325,False,False,29.0
2025-10-23 10:46:00,2025-10-23,bear_call,26050.0,26450.0,39150.0,4,9787.5,2025-10-24 15:00:17.666,2025-10-28,bear_call,2025-10-23 10:24:00,26100,75,26100,26500,133.6,19980.0,0.1987261146496815,0.1068965517241379,26082.3,2025-10-24 15:16:00,TIME,15.6,8850.0,112.600402475,8737.399597525,True,False,22.0
2025-10-27 10:37:00,2025-10-27,bear_call,25950.0,26350.0,35055.0,4,8763.75,2025-10-28 15:00:48.331,2025-10-28,bull_put,2025-10-27 10:21:00,25950,75,25950,25550,46.00000000000001,26550.0,0.8734177215189873,0.8101694915254237,25971.85,2025-10-28 10:33:00,SL,102.7,-4252.499999999998,104.112409445,-4356.612409444998,False,True,16.0
2025-10-29 10:26:00,2025-10-29,?,,,-13635.0,4,-3408.75,2025-10-30 09:42:56.480,2025-11-04,bear_call,2025-10-29 10:17:00,26000,75,26000,26400,145.25,19106.25,0.0924050632911392,0.0305084745762711,25995.55,2025-10-29 12:28:00,SL,186.0,-3056.25,128.85234127249998,-3185.1023412725,False,False,9.0
2025-10-29 10:26:00,2025-10-29,?,,,-13635.0,4,-3408.75,2025-10-30 09:42:56.480,2025-11-04,bull_put,2025-10-29 12:30:00,26050,75,26050,25650,77.05,24221.25,0.8443037974683544,0.9728813559322034,26065.3,2025-10-30 09:32:00,SL,128.1,-3828.75,114.1721505125,-3942.9221505125,False,False,124.0
2025-10-30 10:16:00,2025-10-30,?,,,-14880.0,4,-3720.0,2025-10-31 10:32:00.185,2025-11-04,bear_call,2025-10-30 10:20:00,25950,75,25950,26350,117.2,21210.0,0.040506329113924,0.0881355932203389,25929.65,2025-10-31 15:16:00,TIME,44.7,5437.5,112.841589335,5324.658410665,False,False,4.0
2025-11-06 10:46:00,2025-11-06,?,,,-15735.0,4,-3933.75,2025-11-07 09:15:03.833,2025-11-11,bear_call,2025-11-06 10:19:00,25550,75,25550,25950,116.5,21262.5,0.1683544303797468,0.1728813559322033,25538.0,2025-11-07 15:16:00,TIME,76.5,3000.0,112.59358350499998,2887.406416495,False,False,27.0
2025-11-11 10:16:00,2025-11-11,?,,,-7387.5,2,-3693.75,2025-11-11 12:32:30.821,2025-11-11,bear_call,2025-11-11 10:34:00,25450,75,25450,25850,56.6,25755.0,0.0291139240506329,0.0983050847457627,25471.15,2025-11-11 12:06:00,SL,109.2,-3945.0,104.42189156,-4049.42189156,False,False,18.0
2025-11-11 10:16:00,2025-11-11,?,,,-7387.5,2,-3693.75,2025-11-11 12:32:30.821,2025-11-11,bull_put,2025-11-11 12:21:00,25550,75,25550,25150,30.85,27686.25,0.9063291139240506,0.8677966101694915,25555.45,2025-11-11 15:16:00,TIME,0.15,2302.5,97.810337645,2204.689662355,False,False,125.0
2025-11-11 12:32:00,2025-11-11,?,,,8628.75,3,2876.25,2025-11-11 15:00:32.718,2025-11-11,bear_call,2025-11-11 10:34:00,25450,75,25450,25850,56.6,25755.0,0.0291139240506329,0.0983050847457627,25471.15,2025-11-11 12:06:00,SL,109.2,-3945.0,104.42189156,-4049.42189156,False,False,118.0
2025-11-11 12:32:00,2025-11-11,?,,,8628.75,3,2876.25,2025-11-11 15:00:32.718,2025-11-11,bull_put,2025-11-11 12:21:00,25550,75,25550,25150,30.85,27686.25,0.9063291139240506,0.8677966101694915,25555.45,2025-11-11 15:16:00,TIME,0.15,2302.5,97.810337645,2204.689662355,False,False,11.0
2025-11-12 10:23:00,2025-11-12,?,,,-14385.0,4,-3596.25,2025-11-13 11:03:34.542,2025-11-18,bear_call,2025-11-12 10:22:00,25850,75,25850,26250,131.89999999999998,20107.5,0.0898734177215189,0.0338983050847457,25836.85,2025-11-12 12:37:00,SL,173.15,-3093.7500000000023,122.3994546575,-3216.1494546575022,False,False,1.0
2025-11-12 10:23:00,2025-11-12,?,,,-14385.0,4,-3596.25,2025-11-13 11:03:34.542,2025-11-18,bear_call,2025-11-12 12:47:00,25900,75,25900,26300,145.2,19110.0,0.1924050632911392,0.0440677966101694,25915.3,2025-11-13 15:16:00,TIME,127.0,1364.999999999999,120.73110641,1244.2688935899992,False,False,144.0
2025-11-14 10:19:00,2025-11-14,?,,,24765.0,4,6191.25,2025-11-17 15:00:17.886,2025-11-18,bull_put,2025-11-14 10:19:00,25800,75,25800,25400,91.8,23115.0,0.950632911392405,0.8169491525423729,25799.75,2025-11-17 15:16:00,TIME,9.95,6138.75,107.3779176725,6031.3720823275,False,False,0.0
2025-11-18 10:21:00,2025-11-18,?,,,4672.5,2,2336.25,2025-11-18 13:14:44.565,2025-11-18,bull_put,2025-11-18 10:20:00,25900,75,25900,25500,43.85,26711.25,0.859493670886076,0.8542372881355932,25908.15,2025-11-18 15:16:00,TIME,0.4,3258.75,99.2675583575,3159.4824416425,False,False,1.0
2025-11-19 10:17:00,2025-11-19,bull_put,25950.0,25550.0,20460.0,4,5115.0,2025-11-20 15:00:23.625,2025-11-25,bear_call,2025-11-19 10:30:00,25950,75,25950,26350,131.95,20103.75,0.1582278481012658,0.0169491525423728,25957.85,2025-11-19 14:18:00,SL,178.3,-3476.250000000002,123.8871033575,-3600.137103357502,False,True,13.0
2025-11-24 10:19:00,2025-11-24,bear_call,26100.0,26500.0,23925.0,4,5981.25,2025-11-25 10:07:51.724,2025-11-25,bear_call,2025-11-24 10:18:00,26100,75,26100,26500,93.75,22968.75,0.1354430379746835,0.1694915254237288,26112.6,2025-11-25 15:16:00,TIME,0.15,7020.0,104.776205,6915.223795,True,True,1.0
2025-11-26 10:50:00,2025-11-26,?,,,8055.0,4,2013.75,2025-11-27 15:00:28.720,2025-12-02,bear_call,2025-11-26 10:22:00,26050,75,26050,26450,154.45,18416.25,0.1468354430379747,0.0508474576271186,26071.55,2025-11-26 13:02:00,SL,196.15,-3127.5000000000014,127.6012574,-3255.101257400001,False,False,28.0
2025-11-26 10:50:00,2025-11-26,?,,,8055.0,4,2013.75,2025-11-27 15:00:28.720,2025-12-02,bear_call,2025-11-26 13:16:00,26200,75,26200,26600,128.5,20362.5,0.1291139240506329,0.0067796610169491,26179.5,2025-11-27 10:01:00,SL,169.45000000000002,-3071.2500000000014,120.22131458750002,-3191.471314587501,False,False,146.0
2025-12-03 10:24:00,2025-12-03,?,,,17100.0,4,4275.0,2025-12-04 15:00:28.277,2025-12-09,bear_call,2025-12-03 10:19:00,25900,75,25900,26300,135.14999999999998,19863.75,0.0772151898734177,0.0203389830508474,25906.15,2025-12-04 09:45:00,SL,176.65,-3112.5000000000023,122.99339609,-3235.493396090002,False,False,5.0
2025-12-08 10:16:00,2025-12-08,?,,,-13770.0,4,-3442.5,2025-12-08 13:20:45.954,2025-12-09,bull_put,2025-12-08 10:24:00,26100,75,26100,25700,54.150000000000006,25938.75,0.9278481012658228,0.8915254237288136,26104.45,2025-12-08 13:21:00,SL,109.15,-4124.999999999999,104.676195305,-4229.676195304999,False,False,8.0
2025-12-08 10:16:00,2025-12-08,?,,,-13770.0,4,-3442.5,2025-12-08 13:20:45.954,2025-12-09,bear_call,2025-12-08 13:29:00,25950,75,25950,26350,91.1,23167.5,0.1987341772151898,0.1864406779661017,25957.35,2025-12-09 15:16:00,TIME,0.1,6825.000000000001,104.68162999999998,6720.318370000001,False,False,193.0
2025-12-08 13:22:00,2025-12-08,?,,,21525.0,4,5381.25,2025-12-09 15:00:21.845,2025-12-09,bull_put,2025-12-08 10:24:00,26100,75,26100,25700,54.150000000000006,25938.75,0.9278481012658228,0.8915254237288136,26104.45,2025-12-08 13:21:00,SL,109.15,-4124.999999999999,104.676195305,-4229.676195304999,False,False,178.0
2025-12-08 13:22:00,2025-12-08,?,,,21525.0,4,5381.25,2025-12-09 15:00:21.845,2025-12-09,bear_call,2025-12-08 13:29:00,25950,75,25950,26350,91.1,23167.5,0.1987341772151898,0.1864406779661017,25957.35,2025-12-09 15:16:00,TIME,0.1,6825.000000000001,104.68162999999998,6720.318370000001,False,False,7.0
2025-12-10 10:22:00,2025-12-10,?,,,-15243.75,5,-3048.75,2025-12-10 10:55:57.083,2025-12-16,bull_put,2025-12-10 10:16:00,25950,75,25950,25550,97.95,22653.75,0.8721518987341772,0.9932203389830508,25930.15,2025-12-10 11:00:00,SL,144.9,-3521.25,116.9356023875,-3638.1856023875,False,False,6.0
2025-12-10 10:22:00,2025-12-10,?,,,-15243.75,5,-3048.75,2025-12-10 10:55:57.083,2025-12-16,bull_put,2025-12-10 11:05:00,25850,75,25850,25450,95.0,22875.0,0.9037974683544304,0.9627118644067796,25852.95,2025-12-11 09:39:00,SL,142.35,-3551.2499999999995,115.7707540625,-3667.0207540625,False,False,43.0
2025-12-10 10:57:00,2025-12-10,?,,,-2756.25,5,-551.25,2025-12-11 15:00:32.882,2025-12-16,bull_put,2025-12-10 10:16:00,25950,75,25950,25550,97.95,22653.75,0.8721518987341772,0.9932203389830508,25930.15,2025-12-10 11:00:00,SL,144.9,-3521.25,116.9356023875,-3638.1856023875,False,False,41.0
2025-12-10 10:57:00,2025-12-10,?,,,-2756.25,5,-551.25,2025-12-11 15:00:32.882,2025-12-16,bull_put,2025-12-10 11:05:00,25850,75,25850,25450,95.0,22875.0,0.9037974683544304,0.9627118644067796,25852.95,2025-12-11 09:39:00,SL,142.35,-3551.2499999999995,115.7707540625,-3667.0207540625,False,False,8.0
2025-12-15 10:17:00,2025-12-15,?,,,-285.0,4,-71.25,2025-12-16 15:00:52.836,2025-12-16,bull_put,2025-12-15 10:31:00,26000,75,26000,25600,77.8,24165.0,0.8974683544303798,0.9254237288135592,25978.9,2025-12-16 14:19:00,SL,133.05,-4143.750000000001,107.7171349925,-4251.467134992501,False,False,14.0
2025-12-17 11:03:00,2025-12-17,?,,,1800.0,4,450.0,2025-12-18 15:00:33.118,2025-12-23,bull_put,2025-12-17 10:20:00,25850,75,25850,25450,92.75,23043.75,0.8139240506329114,0.9254237288135592,25848.75,2025-12-18 15:16:00,TIME,93.15,-30.000000000000423,111.20072006,-141.20072006000044,False,False,43.0
2025-12-19 10:20:00,2025-12-19,?,,,21480.0,4,5370.0,2025-12-22 15:00:17.513,2025-12-23,bull_put,2025-12-19 10:18:00,25950,75,25950,25550,74.95,24378.75,0.8063291139240506,0.8406779661016949,25946.6,2025-12-22 15:16:00,TIME,6.1,5163.750000000001,104.0188396025,5059.731160397501,False,False,2.0
2025-12-23 10:18:00,2025-12-23,?,,,4477.5,3,1492.5,2025-12-23 15:00:52.687,2025-12-23,bear_call,2025-12-23 10:20:00,26150,75,26150,26550,44.2,26685.0,0.0582278481012658,0.1423728813559322,26170.0,2025-12-23 15:16:00,TIME,28.1,1207.5,100.13060819,1107.36939181,False,False,2.0
2025-12-24 10:16:00,2025-12-24,bull_put,26250.0,25850.0,-13995.0,4,-3498.75,2025-12-24 14:26:33.688,2025-12-30,bear_call,2025-12-24 10:21:00,26200,75,26200,26600,115.81,21314.25,0.0974683544303797,0.0305084745762711,26224.0,2025-12-26 15:16:00,TIME,19.0,7260.75,108.7614568745,7151.9885431255,False,False,5.0
2025-12-31 10:34:00,2025-12-31,bull_put,26050.0,25650.0,14283.75,5,2856.75,2026-01-01 15:00:23.228,2026-01-06,bull_put,2025-12-31 10:16:00,26000,65,26000,25600,69.85,21459.75,0.8835443037974684,0.9898305084745764,26004.05,2026-01-01 15:16:00,TIME,23.6,3006.2499999999995,102.8939064795,2903.3560935205,True,False,18.0
2026-01-02 10:16:00,2026-01-02,bull_put,26250.0,25850.0,2486.25,5,497.25,2026-01-05 15:00:17.176,2026-01-06,bull_put,2026-01-02 10:19:00,26250,65,26250,25850,57.35,22272.25,0.8569620253164557,0.8949152542372881,26254.4,2026-01-05 15:16:00,TIME,63.14999999999999,-376.9999999999994,102.530907096,-479.5309070959994,True,True,3.0
2026-01-06 10:23:00,2026-01-06,bear_call,26250.0,26650.0,4231.5,3,1410.5,2026-01-06 12:55:18.355,2026-01-06,bear_call,2026-01-06 10:20:00,26250,65,26250,26650,27.25,24228.75,0.1063291139240506,0.1898305084745762,26231.5,2026-01-06 15:16:00,TIME,0.1,1764.7499999999998,96.9869284415,1667.7630715585,True,True,3.0
2026-01-07 10:16:00,2026-01-07,bull_put,26150.0,25750.0,-16721.25,5,-3344.25,2026-01-08 09:32:32.474,2026-01-13,bull_put,2026-01-07 10:16:00,26200,65,26200,25800,86.3,20390.5,0.9759493670886076,1.0,26183.8,2026-01-08 09:27:00,SL,137.70000000000002,-3341.0000000000014,109.231902033,-3450.231902033001,True,False,0.0
2026-01-08 10:17:00,2026-01-08,bull_put,26050.0,25650.0,-16526.25,5,-3305.25,2026-01-08 11:58:19.059,2026-01-13,bear_call,2026-01-08 10:20:00,26050,65,26050,26450,90.8,20098.0,0.0316455696202531,0.0610169491525423,26037.15,2026-01-09 15:16:00,TIME,11.950000000000005,5125.25,104.4351890145,5020.8148109855,False,True,3.0
2026-01-12 11:17:00,2026-01-12,bear_call,25550.0,25950.0,-15876.25,5,-3175.25,2026-01-12 12:17:32.517,2026-01-13,bear_call,2026-01-12 10:17:00,25550,65,25550,25950,88.5,20247.5,0.0898734177215189,0.1423728813559322,25550.4,2026-01-12 12:22:00,SL,160.55,-4683.250000000001,109.4660595345,-4792.716059534501,True,True,60.0
2026-01-12 11:17:00,2026-01-12,bear_call,25550.0,25950.0,-15876.25,5,-3175.25,2026-01-12 12:17:32.517,2026-01-13,bull_put,2026-01-12 12:28:00,25700,65,25700,25300,79.6,20826.0,0.9721518987341772,0.8677966101694915,25675.3,2026-01-13 15:16:00,TIME,0.1,5167.5,102.833411051,5064.666588949,False,False,71.0
2026-01-12 12:19:00,2026-01-12,bull_put,25600.0,25200.0,21352.5,5,4270.5,2026-01-13 15:00:43.245,2026-01-13,bear_call,2026-01-12 10:17:00,25550,65,25550,25950,88.5,20247.5,0.0898734177215189,0.1423728813559322,25550.4,2026-01-12 12:22:00,SL,160.55,-4683.250000000001,109.4660595345,-4792.716059534501,False,False,122.0
2026-01-12 12:19:00,2026-01-12,bull_put,25600.0,25200.0,21352.5,5,4270.5,2026-01-13 15:00:43.245,2026-01-13,bull_put,2026-01-12 12:28:00,25700,65,25700,25300,79.6,20826.0,0.9721518987341772,0.8677966101694915,25675.3,2026-01-13 15:16:00,TIME,0.1,5167.5,102.833411051,5064.666588949,True,False,9.0
2026-01-14 10:24:00,2026-01-14,bear_call,25650.0,26050.0,-18183.75,5,-3636.75,2026-01-14 11:49:37.389,2026-01-20,bear_call,2026-01-14 10:19:00,25700,65,25700,26100,111.9,18726.5,0.0924050632911392,0.0033898305084745,25678.3,2026-01-14 11:31:00,SL,155.25,-2817.7500000000005,115.5548381525,-2933.3048381525005,True,False,5.0
2026-01-14 10:24:00,2026-01-14,bear_call,25650.0,26050.0,-18183.75,5,-3636.75,2026-01-14 11:49:37.389,2026-01-20,bull_put,2026-01-14 11:50:00,25800,65,25800,25400,96.3,19740.5,0.8886075949367088,0.9864406779661016,25784.75,2026-01-14 13:38:00,SL,143.65,-3077.7499999999995,114.48619067649996,-3192.2361906764995,False,False,86.0
2026-01-14 10:24:00,2026-01-14,bear_call,25650.0,26050.0,-18183.75,5,-3636.75,2026-01-14 11:49:37.389,2026-01-20,bear_call,2026-01-14 13:44:00,25650,65,25650,26050,116.39999999999998,18434.0,0.1455696202531645,0.1016949152542373,25665.2,2026-01-16 09:49:00,SL,159.8,-2821.0000000000023,114.589567528,-2935.589567528002,True,True,200.0
2026-01-14 12:07:00,2026-01-14,bear_call,25800.0,26200.0,11618.75,5,2323.75,2026-01-16 15:00:38.153,2026-01-20,bear_call,2026-01-14 10:19:00,25700,65,25700,26100,111.9,18726.5,0.0924050632911392,0.0033898305084745,25678.3,2026-01-14 11:31:00,SL,155.25,-2817.7500000000005,115.5548381525,-2933.3048381525005,True,False,108.0
2026-01-14 12:07:00,2026-01-14,bear_call,25800.0,26200.0,11618.75,5,2323.75,2026-01-16 15:00:38.153,2026-01-20,bull_put,2026-01-14 11:50:00,25800,65,25800,25400,96.3,19740.5,0.8886075949367088,0.9864406779661016,25784.75,2026-01-14 13:38:00,SL,143.65,-3077.7499999999995,114.48619067649996,-3192.2361906764995,False,True,17.0
2026-01-14 12:07:00,2026-01-14,bear_call,25800.0,26200.0,11618.75,5,2323.75,2026-01-16 15:00:38.153,2026-01-20,bear_call,2026-01-14 13:44:00,25650,65,25650,26050,116.39999999999998,18434.0,0.1455696202531645,0.1016949152542373,25665.2,2026-01-16 09:49:00,SL,159.8,-2821.0000000000023,114.589567528,-2935.589567528002,True,False,97.0
2026-01-21 10:18:00,2026-01-21,bull_put,25150.0,24750.0,-17631.25,5,-3526.25,2026-01-21 10:45:15.652,2026-01-27,bear_call,2026-01-21 10:19:00,25150,65,25150,25550,141.1,16828.5,0.0924050632911392,0.0881355932203389,25146.0,2026-01-21 12:42:00,SL,186.7,-2964.0000000000014,124.169240215,-3088.169240215001,False,True,1.0
2026-01-21 10:18:00,2026-01-21,bull_put,25150.0,24750.0,-17631.25,5,-3526.25,2026-01-21 10:45:15.652,2026-01-27,bull_put,2026-01-21 12:44:00,25250,65,25250,24850,98.8,19578.0,0.9341772151898734,0.8677966101694915,25236.8,2026-01-21 14:29:00,SL,146.10000000000002,-3074.500000000002,121.952622097,-3196.452622097002,True,False,146.0
2026-01-21 10:47:00,2026-01-21,bear_call,25000.0,25400.0,-19548.75,5,-3909.75,2026-01-21 12:18:55.808,2026-01-27,bear_call,2026-01-21 10:19:00,25150,65,25150,25550,141.1,16828.5,0.0924050632911392,0.0881355932203389,25146.0,2026-01-21 12:42:00,SL,186.7,-2964.0000000000014,124.169240215,-3088.169240215001,True,False,28.0
2026-01-21 10:47:00,2026-01-21,bear_call,25000.0,25400.0,-19548.75,5,-3909.75,2026-01-21 12:18:55.808,2026-01-27,bull_put,2026-01-21 12:44:00,25250,65,25250,24850,98.8,19578.0,0.9341772151898734,0.8677966101694915,25236.8,2026-01-21 14:29:00,SL,146.10000000000002,-3074.500000000002,121.952622097,-3196.452622097002,False,False,117.0
2026-01-22 10:16:00,2026-01-22,bull_put,25400.0,25000.0,-17452.5,5,-3490.5,2026-01-22 10:32:12.251,2026-01-27,bear_call,2026-01-22 10:20:00,25350,65,25350,25750,121.89999999999998,18076.5,0.0493670886075949,0.0271186440677966,25341.3,2026-01-23 15:16:00,TIME,24.7,6317.999999999998,110.04965559299998,6207.950344406998,False,False,4.0
2026-01-22 10:34:00,2026-01-22,bear_call,25250.0,25650.0,34433.75,5,6886.75,2026-01-23 15:00:17.116,2026-01-27,bear_call,2026-01-22 10:20:00,25350,65,25350,25750,121.89999999999998,18076.5,0.0493670886075949,0.0271186440677966,25341.3,2026-01-23 15:16:00,TIME,24.7,6317.999999999998,110.04965559299998,6207.950344406998,True,False,14.0
2026-01-28 13:17:00,2026-01-28,bull_put,25300.0,24900.0,13422.5,5,2684.5,2026-01-29 15:00:33.370,2026-02-03,bull_put,2026-01-28 10:24:00,25300,65,25300,24900,132.10000000000002,17413.5,0.9367088607594936,1.0,25276.1,2026-01-29 15:16:00,TIME,81.14999999999999,3311.750000000002,125.3671568245,3186.382843175502,True,True,173.0
2026-01-30 10:15:00,2026-01-30,bull_put,25300.0,24900.0,1040.0,3,346.6666666666667,2026-01-30 15:08:32.747,2026-02-03,bear_call,2026-01-30 10:21:00,25300,65,25300,25700,135.45,17195.75,0.0886075949367088,0.047457627118644,25291.25,2026-02-01 11:11:00,SL,175.05,-2574.0000000000014,131.191859416,-2705.191859416001,False,True,6.0
2026-02-04 10:39:00,2026-02-04,bear_call,25700.0,26100.0,14202.5,5,2840.5,2026-02-05 15:00:34.028,2026-02-10,bear_call,2026-02-04 10:20:00,25750,65,25750,26150,137.05,17091.75,0.1189873417721519,0.0101694915254237,25757.35,2026-02-05 15:16:00,TIME,74.3,4078.750000000001,116.7003632085,3962.049636791501,True,False,19.0
2026-02-06 10:18:00,2026-02-06,bull_put,25500.0,25100.0,25525.5,6,4254.25,2026-02-09 09:16:35.929,2026-02-10,bull_put,2026-02-06 10:19:00,25550,65,25550,25150,90.3,20130.5,0.9924050632911392,0.9796610169491524,25551.7,2026-02-09 15:16:00,TIME,7.450000000000001,5385.250000000001,105.8119770115,5279.438022988501,True,False,1.0
2026-02-11 10:19:00,2026-02-11,bull_put,25950.0,25550.0,-17273.75,5,-3454.75,2026-02-12 09:31:39.489,2026-02-17,bull_put,2026-02-11 10:18:00,25950,65,25950,25550,90.3,20130.5,0.9658227848101266,0.9864406779661016,25939.4,2026-02-12 11:32:00,SL,137.5,-3068.0,113.055951314,-3181.055951314,True,True,1.0
2026-02-12 10:15:00,2026-02-12,bull_put,25900.0,25500.0,-16916.25,5,-3383.25,2026-02-12 14:48:09.874,2026-02-17,bear_call,2026-02-12 11:35:00,25800,65,25800,26200,123.5,17972.5,0.1645569620253164,0.0745762711864406,25821.15,2026-02-13 15:16:00,TIME,18.85,6802.25,109.4839556855,6692.7660443145,False,False,80.0
2026-02-18 10:59:00,2026-02-18,bull_put,25700.0,25300.0,-17452.5,5,-3490.5,2026-02-19 12:15:14.237,2026-02-24,bear_call,2026-02-18 10:17:00,25650,65,25650,26050,125.9,17816.5,0.1379746835443038,0.1084745762711864,25657.35,2026-02-18 13:24:00,SL,167.9,-2730.000000000001,118.113877824,-2848.113877824001,False,False,42.0
2026-02-18 10:59:00,2026-02-18,bull_put,25700.0,25300.0,-17452.5,5,-3490.5,2026-02-19 12:15:14.237,2026-02-24,bear_call,2026-02-18 13:26:00,25750,65,25750,26150,110.6,18811.0,0.1784810126582278,0.0610169491525423,25736.05,2026-02-18 15:01:00,SL,157.70000000000002,-3061.5000000000014,115.02878636,-3176.528786360001,False,False,147.0
2026-02-19 12:17:00,2026-02-19,bear_call,25600.0,26000.0,-6565.0,5,-1313.0,2026-02-20 15:00:06.795,2026-02-24,bear_call,2026-02-19 10:28:00,25750,65,25750,26150,108.15,18970.25,0.1531645569620253,0.0881355932203389,25738.6,2026-02-20 15:16:00,TIME,47.0,3974.750000000001,108.9343262415,3865.815673758501,True,False,109.0
2026-02-23 10:20:00,2026-02-23,bull_put,25750.0,25350.0,-17127.5,5,-3425.5,2026-02-23 11:49:29.053,2026-02-24,bear_call,2026-02-23 10:28:00,25700,65,25700,26100,99.0,19565.0,0.140506329113924,0.0813559322033898,25709.35,2026-02-24 15:16:00,TIME,0.1,6428.500000000001,104.39962746899998,6324.100372531001,False,False,8.0
2026-02-23 11:51:00,2026-02-23,bear_call,25650.0,26050.0,26845.0,5,5369.0,2026-02-24 12:06:59.699,2026-02-24,bear_call,2026-02-23 10:28:00,25700,65,25700,26100,99.0,19565.0,0.140506329113924,0.0813559322033898,25709.35,2026-02-24 15:16:00,TIME,0.1,6428.500000000001,104.39962746899998,6324.100372531001,True,False,83.0
2026-02-25 10:19:00,2026-02-25,bull_put,25650.0,25250.0,-18687.5,5,-3737.5,2026-02-25 12:36:32.690,2026-03-02,bull_put,2026-02-25 10:17:00,25650,65,25650,25250,89.35,20192.25,0.9481012658227848,1.0,25644.7,2026-02-25 12:35:00,SL,139.90000000000003,-3285.7500000000027,116.9410644095,-3402.691064409503,True,True,2.0
2026-02-25 10:19:00,2026-02-25,bull_put,25650.0,25250.0,-18687.5,5,-3737.5,2026-02-25 12:36:32.690,2026-03-02,bull_put,2026-02-25 12:42:00,25550,65,25550,25150,105.95,19113.25,0.8734177215189873,0.8542372881355932,25525.8,2026-02-26 12:23:00,SL,155.0,-3188.250000000001,119.5622315555,-3307.812231555501,True,False,143.0
2026-02-25 12:38:00,2026-02-25,bear_call,25500.0,25900.0,10952.5,5,2190.5,2026-02-26 15:00:33.264,2026-03-02,bull_put,2026-02-25 10:17:00,25650,65,25650,25250,89.35,20192.25,0.9481012658227848,1.0,25644.7,2026-02-25 12:35:00,SL,139.90000000000003,-3285.7500000000027,116.9410644095,-3402.691064409503,False,False,141.0
2026-02-25 12:38:00,2026-02-25,bear_call,25500.0,25900.0,10952.5,5,2190.5,2026-02-26 15:00:33.264,2026-03-02,bull_put,2026-02-25 12:42:00,25550,65,25550,25150,105.95,19113.25,0.8734177215189873,0.8542372881355932,25525.8,2026-02-26 12:23:00,SL,155.0,-3188.250000000001,119.5622315555,-3307.812231555501,False,False,4.0
2026-02-27 10:20:00,2026-02-27,bear_call,25300.0,25700.0,33523.75,5,6704.75,2026-03-02 15:00:11.885,2026-03-02,bear_call,2026-02-27 10:17:00,25300,65,25300,25700,105.9,19116.5,0.0924050632911392,0.0644067796610169,25309.55,2026-03-02 15:16:00,TIME,0.15,6873.75,105.9115764985,6767.8384235015,True,True,3.0
2026-03-06 10:35:00,2026-03-06,bear_call,24650.0,25050.0,41827.5,5,8365.5,2026-03-09 15:00:16.457,2026-03-10,bull_put,2026-03-06 10:19:00,24650,65,24650,24250,117.4,18369.0,0.8063291139240506,0.8033898305084746,24674.15,2026-03-06 14:49:00,SL,172.6,-3588.0,139.895949278,-3727.895949278,False,True,16.0
2026-03-10 10:16:00,2026-03-10,bull_put,24150.0,23750.0,9330.75,3,3110.25,2026-03-10 14:05:23.377,2026-03-10,bull_put,2026-03-10 10:16:00,24200,65,24200,23800,77.05000000000001,20991.75,0.9746835443037974,0.952542372881356,24187.75,2026-03-10 15:16:00,TIME,0.15,4998.5,102.32246611,4896.17753389,True,False,0.0
2026-03-17 10:20:00,2026-03-17,bull_put,23550.0,23150.0,-8979.75,3,-2993.25,2026-03-17 10:33:43.084,2026-03-17,bull_put,2026-03-17 10:23:00,23550,65,23550,23150,61.0,22035.0,0.879746835443038,0.8338983050847457,23572.65,2026-03-17 10:34:00,SL,113.85,-3435.2499999999995,104.6154397215,-3539.8654397215,True,True,3.0
2026-03-17 10:20:00,2026-03-17,bull_put,23550.0,23150.0,-8979.75,3,-2993.25,2026-03-17 10:33:43.084,2026-03-17,bear_call,2026-03-17 10:37:00,23450,65,23450,23850,62.7,21924.5,0.0189873417721519,0.0813559322033898,23448.8,2026-03-17 13:16:00,SL,119.15,-3669.249999999999,103.9883821865,-3773.238382186499,False,False,17.0
2026-03-17 10:20:00,2026-03-17,bull_put,23550.0,23150.0,-8979.75,3,-2993.25,2026-03-17 10:33:43.084,2026-03-17,bull_put,2026-03-17 13:31:00,23550,65,23550,23150,38.7,23484.5,0.9177215189873418,0.9627118644067796,23573.35,2026-03-17 15:16:00,TIME,0.1,2509.0,98.136366907,2410.863633093,True,True,191.0
2026-03-18 14:08:00,2026-03-18,bear_call,23850.0,24250.0,40950.0,5,8190.0,2026-03-19 15:00:01.004,2026-03-24,bull_put,2026-03-18 10:16:00,23650,65,23650,23250,116.69999999999996,18414.5,0.8683544303797468,1.0,23673.75,2026-03-19 09:16:00,SL,209.00000000000003,-5999.500000000004,147.511397612,-6147.011397612004,False,False,232.0
2026-04-06 10:27:00,2026-04-06,bear_call,22650.0,23050.0,-13624.0,4,-3406.0,2026-04-06 12:50:05.956,2026-04-07,bull_put,2026-04-06 10:16:00,22650,65,22650,22250,129.59999999999997,17576.000000000004,0.9721518987341772,0.8677966101694915,22654.6,2026-04-07 15:16:00,TIME,0.1,8417.499999999998,114.898522707,8302.601477292998,False,True,11.0
2026-04-06 12:52:00,2026-04-06,bull_put,22750.0,22350.0,26026.0,4,6506.5,2026-04-07 10:19:31.668,2026-04-07,bull_put,2026-04-06 10:16:00,22650,65,22650,22250,129.59999999999997,17576.000000000004,0.9721518987341772,0.8677966101694915,22654.6,2026-04-07 15:16:00,TIME,0.1,8417.499999999998,114.898522707,8302.601477292998,True,False,156.0
2026-04-08 11:51:00,2026-04-08,bear_call,24000.0,24400.0,18167.5,5,3633.5,2026-04-09 15:00:22.785,2026-04-13,bull_put,2026-04-08 10:21:00,23900,65,23900,23500,132.64999999999998,17377.75,0.8316455696202532,0.9864406779661016,23902.0,2026-04-09 14:24:00,SL,172.75,-2606.5000000000014,136.583660961,-2743.083660961001,False,False,90.0
2026-04-10 10:15:00,2026-04-10,bull_put,24000.0,23600.0,-65503.75,5,-13100.75,2026-04-13 09:16:35.752,2026-04-13,bear_call,2026-04-10 10:46:00,24000,65,24000,24400,125.45,17845.75,0.1569620253164557,0.0881355932203389,23998.45,2026-04-13 15:16:00,TIME,0.1,8147.750000000001,109.3027311875,8038.447268812501,False,True,31.0
2026-04-16 10:16:00,2026-04-16,bear_call,24300.0,24700.0,-3818.75,5,-763.75,2026-04-17 15:00:22.028,2026-04-21,bull_put,2026-04-16 12:40:00,24150,65,24150,23750,131.7,17439.5,0.9430379746835444,0.9389830508474576,24158.8,2026-04-17 15:16:00,TIME,61.64999999999999,4553.25,119.3049903115,4433.9450096885,False,False,144.0
2026-04-20 10:18:00,2026-04-20,bull_put,24400.0,24000.0,29848.0,4,7462.0,2026-04-21 15:00:32.911,2026-04-21,bull_put,2026-04-20 10:18:00,24400,65,24400,24000,112.5,18687.5,0.9658227848101266,0.8779661016949153,24396.1,2026-04-21 15:16:00,TIME,0.05,7309.25,108.4670787465,7200.7829212535,True,True,0.0
2026-04-22 14:04:00,2026-04-22,bear_call,24450.0,24850.0,25187.5,5,5037.5,2026-04-23 15:00:23.706,2026-04-28,bear_call,2026-04-22 10:22:00,24350,65,24350,24750,149.25,16298.75,0.1037974683544303,0.0101694915254237,24364.1,2026-04-23 15:16:00,TIME,80.1,4494.75,123.3670321785,4371.3829678215,True,False,222.0
2026-04-24 10:21:00,2026-04-24,bear_call,23950.0,24350.0,-14072.5,5,-2814.5,2026-04-27 09:50:34.179,2026-04-28,bear_call,2026-04-24 10:25:00,23950,65,23950,24350,131.45,17455.75,0.0594936708860759,0.1423728813559322,23943.9,2026-04-27 09:49:00,SL,177.55,-2996.5000000000014,120.951233085,-3117.451233085001,True,True,4.0
2026-04-27 10:17:00,2026-04-27,bull_put,24100.0,23700.0,-11609.0,4,-2902.25,2026-04-27 11:34:35.674,2026-04-28,bull_put,2026-04-27 10:19:00,24100,65,24100,23700,87.1,20338.5,0.9430379746835444,0.8271186440677966,24095.05,2026-04-27 11:37:00,SL,135.60000000000002,-3152.500000000002,110.441089168,-3262.941089168002,True,True,2.0
2026-04-27 10:17:00,2026-04-27,bull_put,24100.0,23700.0,-11609.0,4,-2902.25,2026-04-27 11:34:35.674,2026-04-28,bull_put,2026-04-27 11:44:00,24000,65,24000,23600,93.65,19912.75,0.8126582278481013,0.8101694915254237,23993.0,2026-04-28 15:16:00,TIME,21.35,4699.500000000001,105.16822675500002,4594.3317732450005,True,False,87.0
2026-04-29 11:29:00,2026-04-29,bear_call,24300.0,24700.0,26975.0,3,8991.666666666666,2026-04-30 15:00:12.960,2026-05-05,bull_put,2026-04-29 10:21:00,24250,65,24250,23850,111.7,18739.5,0.939240506329114,0.9966101694915256,24265.35,2026-04-29 15:27:00,SL,156.45,-2908.75,125.46787136049998,-3034.2178713605,False,False,68.0
2026-05-06 11:44:00,2026-05-06,bull_put,24100.0,23700.0,20588.75,5,4117.75,2026-05-07 15:00:16.864,2026-05-12,bull_put,2026-05-06 10:18:00,24150,65,24150,23750,118.09999999999998,18323.500000000004,0.8341772151898734,0.9593220338983052,24138.45,2026-05-06 12:24:00,SL,160.65,-2765.750000000002,127.0235512265,-2892.7735512265017,True,False,86.0
2026-05-06 11:44:00,2026-05-06,bull_put,24100.0,23700.0,20588.75,5,4117.75,2026-05-07 15:00:16.864,2026-05-12,bear_call,2026-05-06 12:46:00,24000,65,24000,24400,155.0,15925.0,0.1860759493670886,0.0576271186440678,24022.35,2026-05-06 13:38:00,SL,193.6,-2508.9999999999977,135.23525316,-2644.2352531599977,False,False,62.0
2026-05-06 11:44:00,2026-05-06,bull_put,24100.0,23700.0,20588.75,5,4117.75,2026-05-07 15:00:16.864,2026-05-12,bull_put,2026-05-06 13:39:00,24100,65,24100,23700,114.54999999999998,18554.250000000004,0.8341772151898734,0.9830508474576272,24104.0,2026-05-07 15:16:00,TIME,54.1,3929.249999999999,114.6702571045,3814.579742895499,True,True,115.0
2026-05-08 10:19:00,2026-05-08,bull_put,24200.0,23800.0,-35181.25,5,-7036.25,2026-05-11 09:16:36.326,2026-05-12,bull_put,2026-05-08 10:22:00,24200,65,24200,23800,117.04999999999998,18391.750000000004,0.8075949367088607,0.8203389830508474,24209.55,2026-05-11 09:16:00,SL,221.1,-6763.250000000003,123.3446760785,-6886.594676078503,True,True,3.0
2026-05-11 10:18:00,2026-05-11,bear_call,23900.0,24300.0,-11102.0,4,-2775.5,2026-05-11 11:42:39.668,2026-05-12,bear_call,2026-05-11 10:18:00,23900,65,23900,24300,97.9,19636.5,0.1177215189873417,0.0576271186440678,23875.6,2026-05-11 13:46:00,SL,145.85,-3116.749999999999,112.1592427545,-3228.9092427544992,True,True,0.0
2026-05-11 10:18:00,2026-05-11,bear_call,23900.0,24300.0,-11102.0,4,-2775.5,2026-05-11 11:42:39.668,2026-05-12,bull_put,2026-05-11 13:49:00,24000,65,24000,23600,92.7,19974.5,0.8607594936708861,0.8508474576271187,23981.0,2026-05-11 14:58:00,SL,142.35,-3227.2499999999995,110.0453381435,-3337.2953381434995,False,False,211.0
2026-05-12 10:16:00,2026-05-12,bull_put,23650.0,23250.0,-8394.75,3,-2798.25,2026-05-12 12:08:04.894,2026-05-12,bull_put,2026-05-12 10:18:00,23650,65,23650,23250,44.0,23140.0,0.9721518987341772,0.9694915254237289,23666.7,2026-05-12 12:09:00,SL,101.7,-3750.5,101.680215826,-3852.180215826,True,True,2.0
2026-05-12 10:16:00,2026-05-12,bull_put,23650.0,23250.0,-8394.75,3,-2798.25,2026-05-12 12:08:04.894,2026-05-12,bull_put,2026-05-12 12:18:00,23550,65,23550,23150,31.5,23952.5,0.9367088607594936,0.905084745762712,23573.45,2026-05-12 14:11:00,SL,89.6,-3776.5,100.036273656,-3876.536273656,True,False,122.0
2026-05-13 11:37:00,2026-05-13,bull_put,23400.0,23000.0,20020.0,5,4004.0,2026-05-14 15:00:32.678,2026-05-19,bull_put,2026-05-13 10:16:00,23400,65,23400,23000,123.8,17953.0,0.9177215189873418,0.9830508474576272,23413.8,2026-05-14 15:16:00,TIME,55.7,4426.5,121.270597832,4305.229402168,True,True,81.0
2026-05-15 10:26:00,2026-05-15,bull_put,23800.0,23400.0,-13585.0,5,-2717.0,2026-05-15 11:17:25.232,2026-05-19,bull_put,2026-05-15 10:23:00,23800,65,23800,23400,117.4,18369.0,0.8202531645569621,0.8169491525423729,23814.25,2026-05-15 11:32:00,SL,162.4,-2925.000000000001,124.079399737,-3049.079399737001,True,True,3.0
2026-05-15 10:26:00,2026-05-15,bull_put,23800.0,23400.0,-13585.0,5,-2717.0,2026-05-15 11:17:25.232,2026-05-19,bull_put,2026-05-15 11:38:00,23700,65,23700,23300,118.6,18291.0,0.8113924050632911,0.8406779661016949,23716.95,2026-05-18 09:16:00,SL,226.8,-7033.000000000001,127.881269926,-7160.881269926001,True,False,72.0
2026-05-15 11:28:00,2026-05-15,bear_call,23750.0,24150.0,22473.75,5,4494.75,2026-05-18 15:00:17.467,2026-05-19,bull_put,2026-05-15 10:23:00,23800,65,23800,23400,117.4,18369.0,0.8202531645569621,0.8169491525423729,23814.25,2026-05-15 11:32:00,SL,162.4,-2925.000000000001,124.079399737,-3049.079399737001,False,False,65.0
2026-05-15 11:28:00,2026-05-15,bear_call,23750.0,24150.0,22473.75,5,4494.75,2026-05-18 15:00:17.467,2026-05-19,bull_put,2026-05-15 11:38:00,23700,65,23700,23300,118.6,18291.0,0.8113924050632911,0.8406779661016949,23716.95,2026-05-18 09:16:00,SL,226.8,-7033.000000000001,127.881269926,-7160.881269926001,False,False,10.0
2026-05-20 10:46:00,2026-05-20,bear_call,23550.0,23950.0,-13666.25,5,-2733.25,2026-05-20 11:49:41.099,2026-05-26,bear_call,2026-05-20 10:24:00,23500,65,23500,23900,139.15,16955.25,0.0582278481012658,0.0033898305084745,23481.65,2026-05-20 11:28:00,SL,179.5,-2622.7499999999995,131.21957241950005,-2753.9695724194994,True,False,22.0
2026-05-20 10:46:00,2026-05-20,bear_call,23550.0,23950.0,-13666.25,5,-2733.25,2026-05-20 11:49:41.099,2026-05-26,bull_put,2026-05-20 11:30:00,23600,65,23600,23200,136.89999999999998,17101.5,0.8329113924050633,0.9457627118644067,23599.85,2026-05-21 15:16:00,TIME,119.4,1137.4999999999982,125.60260638299998,1011.8973936169982,False,False,44.0
2026-05-20 14:05:00,2026-05-20,bull_put,23600.0,23200.0,6922.5,5,1384.5,2026-05-21 15:00:33.735,2026-05-26,bear_call,2026-05-20 10:24:00,23500,65,23500,23900,139.15,16955.25,0.0582278481012658,0.0033898305084745,23481.65,2026-05-20 11:28:00,SL,179.5,-2622.7499999999995,131.21957241950005,-2753.9695724194994,False,False,221.0
2026-05-20 14:05:00,2026-05-20,bull_put,23600.0,23200.0,6922.5,5,1384.5,2026-05-21 15:00:33.735,2026-05-26,bull_put,2026-05-20 11:30:00,23600,65,23600,23200,136.89999999999998,17101.5,0.8329113924050633,0.9457627118644067,23599.85,2026-05-21 15:16:00,TIME,119.4,1137.4999999999982,125.60260638299998,1011.8973936169982,True,True,155.0
2026-05-22 10:18:00,2026-05-22,bear_call,23800.0,24200.0,-22603.75,5,-4520.75,2026-05-25 09:16:35.089,2026-05-26,bear_call,2026-05-22 10:17:00,23800,65,23800,24200,123.25,17988.75,0.1658227848101265,0.0813559322033898,23778.95,2026-05-25 09:16:00,SL,177.65,-3536.0000000000014,117.686715998,-3653.6867159980015,True,True,1.0
2026-05-25 10:18:00,2026-05-25,bull_put,23950.0,23550.0,16211.0,4,4052.75,2026-05-26 10:34:24.627,2026-05-26,bull_put,2026-05-25 10:18:00,23950,65,23950,23550,74.45,21160.75,0.8949367088607595,0.9593220338983052,23968.65,2026-05-26 15:16:00,TIME,38.3,2349.7500000000005,103.5059675135,2246.2440324865006,True,True,0.0
2026-05-27 10:19:00,2026-05-27,bull_put,23950.0,23550.0,-14186.25,5,-2837.25,2026-05-29 13:09:40.323,2026-06-02,bull_put,2026-05-27 10:17:00,23950,65,23950,23550,111.44999999999996,18755.75,0.8278481012658228,0.928813559322034,23944.7,2026-05-29 13:12:00,SL,156.5,-2928.250000000002,117.6159355025,-3045.865935502502,True,True,2.0
2026-05-29 13:11:00,2026-05-29,bear_call,23800.0,24200.0,41193.75,5,8238.75,2026-06-01 14:10:47.300,2026-06-02,bull_put,2026-05-29 13:19:00,23800,65,23800,23400,101.25,19418.75,0.8784810126582279,0.91864406779661,23788.7,2026-05-29 15:02:00,SL,157.7,-3669.249999999999,115.8850230855,-3785.135023085499,False,True,8.0
2026-06-03 11:24:00,2026-06-03,bull_put,23250.0,22850.0,23741.25,5,4748.25,2026-06-04 15:00:16.127,2026-06-09,bull_put,2026-06-03 10:19:00,23250,65,23250,22850,124.65,17897.75,0.8886075949367088,0.9864406779661016,23257.8,2026-06-04 15:16:00,TIME,54.3,4572.75,116.01553164550002,4456.7344683545,True,True,65.0
2026-06-05 10:15:00,2026-06-05,bear_call,23500.0,23900.0,37586.25,5,7517.25,2026-06-08 15:00:22.586,2026-06-09,bear_call,2026-06-05 10:16:00,23450,65,23450,23850,140.04999999999998,16896.750000000004,0.0139240506329113,0.1084745762711864,23459.45,2026-06-08 15:16:00,TIME,11.55,8352.499999999998,112.812727567,8239.687272432999,True,False,1.0
2026-06-09 10:23:00,2026-06-09,bear_call,23150.0,23550.0,-9418.5,3,-3139.5,2026-06-09 14:39:57.699,2026-06-09,bear_call,2026-06-09 10:24:00,23150,65,23150,23550,55.2,22412.0,0.0962025316455696,0.0915254237288135,23150.25,2026-06-09 14:41:00,SL,111.9,-3685.499999999999,102.94430291,-3788.444302909999,True,True,1.0
2026-06-10 10:15:00,2026-06-10,bear_call,23350.0,23750.0,21710.0,5,4342.0,2026-06-11 15:00:28.076,2026-06-16,bull_put,2026-06-10 10:20:00,23350,65,23350,22950,129.3,17595.5,0.8987341772151899,0.9932203389830508,23334.65,2026-06-10 15:15:00,SL,174.05,-2908.75,127.0448257915,-3035.7948257915,False,True,5.0
2026-06-15 10:31:00,2026-06-15,bull_put,23950.0,23550.0,-12285.0,4,-3071.25,2026-06-15 15:11:26.788,2026-06-16,bull_put,2026-06-15 10:30:00,23950,65,23950,23550,87.5,20312.5,0.8139240506329114,0.8508474576271187,23962.55,2026-06-15 15:13:00,SL,140.65,-3454.7500000000005,109.4456009925,-3564.1956009925007,True,True,1.0
2026-06-16 10:17:00,2026-06-16,bull_put,23900.0,23500.0,4709.25,3,1569.75,2026-06-16 13:22:07.571,2026-06-16,bull_put,2026-06-16 10:17:00,23900,65,23900,23500,35.25,23708.75,0.9354430379746836,0.888135593220339,23921.95,2026-06-16 15:16:00,TIME,0.1,2284.75,97.7949897735,2186.9550102265,True,True,0.0
2026-06-22 10:35:00,2026-06-22,bear_call,24150.0,24550.0,17316.0,4,4329.0,2026-06-23 15:00:01.997,2026-06-23,bear_call,2026-06-22 10:34:00,24150,65,24150,24550,67.4,21619.0,0.1670886075949367,0.1694915254237288,24144.15,2026-06-23 15:16:00,TIME,0.15,4371.25,101.0726813985,4270.1773186015,True,True,1.0
2026-06-24 10:26:00,2026-06-24,bull_put,23950.0,23550.0,23481.25,5,4696.25,2026-06-25 15:00:02.089,2026-06-30,bull_put,2026-06-24 10:17:00,23900,65,23900,23500,108.75,18931.25,0.8822784810126583,0.9627118644067796,23920.3,2026-06-25 15:16:00,TIME,33.75,4875.0,109.96608163499997,4765.033918365,True,False,9.0
2026-06-29 10:23:00,2026-06-29,bull_put,24050.0,23650.0,-11388.0,4,-2847.0,2026-06-29 12:12:52.370,2026-06-30,bull_put,2026-06-29 10:23:00,24100,65,24100,23700,81.85,20679.75,0.9632911392405064,0.9152542372881356,24085.95,2026-06-29 12:13:00,SL,131.6,-3233.75,108.2175104015,-3341.9675104015,True,False,0.0
2026-06-29 10:23:00,2026-06-29,bull_put,24050.0,23650.0,-11388.0,4,-2847.0,2026-06-29 12:12:52.370,2026-06-30,bear_call,2026-06-29 12:15:00,24000,65,24000,24400,82.85000000000001,20614.75,0.0886075949367088,0.135593220338983,23993.7,2026-06-30 15:16:00,TIME,0.15,5375.5,102.740947979,5272.759052021,False,False,112.0
2026-06-29 12:17:00,2026-06-29,bear_call,24000.0,24400.0,17628.0,4,4407.0,2026-06-30 13:21:07.800,2026-06-30,bull_put,2026-06-29 10:23:00,24100,65,24100,23700,81.85,20679.75,0.9632911392405064,0.9152542372881356,24085.95,2026-06-29 12:13:00,SL,131.6,-3233.75,108.2175104015,-3341.9675104015,False,False,114.0
2026-06-29 12:17:00,2026-06-29,bear_call,24000.0,24400.0,17628.0,4,4407.0,2026-06-30 13:21:07.800,2026-06-30,bear_call,2026-06-29 12:15:00,24000,65,24000,24400,82.85000000000001,20614.75,0.0886075949367088,0.135593220338983,23993.7,2026-06-30 15:16:00,TIME,0.15,5375.5,102.740947979,5272.759052021,True,True,2.0
2026-07-01 10:15:00,2026-07-01,bull_put,24000.0,23600.0,24066.25,5,4813.25,2026-07-02 14:53:39.705,2026-07-07,bull_put,2026-07-01 10:18:00,24000,65,24000,23600,113.3,18635.5,0.8924050632911392,0.9932203389830508,23996.1,2026-07-02 15:16:00,TIME,39.15,4819.75,110.8244341365,4708.9255658635,True,True,3.0
2026-07-03 10:15:00,2026-07-03,bear_call,24350.0,24750.0,2372.5,5,474.5,2026-07-06 14:53:30.548,2026-07-07,bear_call,2026-07-03 10:17:00,24300,65,24300,24700,112.8,18668.0,0.0683544303797468,0.0508474576271186,24322.7,2026-07-06 12:14:00,SL,158.6,-2976.999999999999,110.943102667,-3087.943102666999,True,False,2.0
2026-07-08 10:17:00,2026-07-08,bear_call,24250.0,24650.0,20458.75,5,4091.75,2026-07-09 14:53:29.880,2026-07-14,bear_call,2026-07-08 10:16:00,24250,65,24250,24650,105.0,19175.0,0.0316455696202531,0.0135593220338983,24232.05,2026-07-09 15:16:00,TIME,30.95,4813.250000000001,108.1869822805,4705.063017719501,True,True,1.0
2026-07-10 10:31:00,2026-07-10,bear_call,24200.0,24600.0,585.0,5,117.0,2026-07-13 14:53:34.932,2026-07-14,bear_call,2026-07-10 10:31:00,24200,65,24200,24600,101.0,19435.0,0.140506329113924,0.0406779661016949,24195.1,2026-07-13 15:16:00,TIME,76.95,1563.2499999999998,107.2874330325,1455.9625669674997,True,True,0.0
2026-07-14 10:16:00,2026-07-14,bear_call,24100.0,24500.0,5684.25,3,1894.75,2026-07-14 13:38:00.859,2026-07-14,bear_call,2026-07-14 10:16:00,24100,65,24100,24500,37.50000000000001,23562.5,0.0721518987341772,0.1288135593220339,24080.65,2026-07-14 15:16:00,TIME,0.1,2431.0000000000005,97.983739458,2333.0162605420005,True,True,0.0
2026-07-15 10:20:00,2026-07-15,bull_put,24200.0,23800.0,-14283.75,5,-2856.75,2026-07-15 12:55:53.161,2026-07-21,bull_put,2026-07-15 10:17:00,24200,65,24200,23800,114.75,18541.25,0.8582278481012658,1.0,24205.4,2026-07-15 12:56:00,SL,163.65,-3178.5000000000005,122.053231372,-3300.5532313720005,True,True,3.0
2026-07-15 10:20:00,2026-07-15,bull_put,24200.0,23800.0,-14283.75,5,-2856.75,2026-07-15 12:55:53.161,2026-07-21,bull_put,2026-07-15 13:02:00,24050,65,24050,23650,128.34999999999997,17657.250000000004,0.9759493670886076,0.952542372881356,24065.5,2026-07-16 15:16:00,TIME,96.3,2083.249999999998,116.6327993875,1966.6172006124984,True,False,162.0
2026-07-15 12:57:00,2026-07-15,bear_call,24100.0,24500.0,-13991.25,5,-2798.25,2026-07-16 09:18:09.965,2026-07-21,bull_put,2026-07-15 10:17:00,24200,65,24200,23800,114.75,18541.25,0.8582278481012658,1.0,24205.4,2026-07-15 12:56:00,SL,163.65,-3178.5000000000005,122.053231372,-3300.5532313720005,False,False,160.0
2026-07-15 12:57:00,2026-07-15,bear_call,24100.0,24500.0,-13991.25,5,-2798.25,2026-07-16 09:18:09.965,2026-07-21,bull_put,2026-07-15 13:02:00,24050,65,24050,23650,128.34999999999997,17657.250000000004,0.9759493670886076,0.952542372881356,24065.5,2026-07-16 15:16:00,TIME,96.3,2083.249999999998,116.6327993875,1966.6172006124984,False,False,5.0
