date,expiry,type,entry_ts,atm,lot,short_strike,long_strike,credit,margin,spot_entry,exit_ts,exit_reason,gross_pnl,charges,net_pnl
2024-09-27,2024-10-03,bull_put,2024-09-27 10:31:00,26250,25,26250,25850,90.8,7730.0,26273.45,2024-09-30 15:01:00,TIME,-5433.750000000001,108.06981952749999,-5541.819819527501
2024-10-01,2024-10-03,bear_call,2024-10-01 10:19:00,25800,25,25800,26200,96.16000000000001,7595.999999999999,25812.55,2024-10-03 15:01:00,TIME,2397.7500000000005,98.27923948149999,2299.4707605185004
2024-10-04,2024-10-10,bear_call,2024-10-04 10:20:00,25200,25,25200,25600,161.59999999999997,5960.000000000001,25176.05,2024-10-07 15:01:00,TIME,2973.749999999999,103.30061718250002,2870.449382817499
2024-10-08,2024-10-10,bull_put,2024-10-08 10:21:00,24850,25,24850,24450,113.5,7162.5,24854.4,2024-10-09 15:01:00,TIME,1672.5000000000002,101.473897825,1571.0261021750002
2024-10-10,2024-10-10,bear_call,2024-10-10 10:21:00,25100,25,25100,25500,39.14,9021.5,25095.15,2024-10-10 15:01:00,TIME,968.5,95.85595807400001,872.644041926
2024-10-11,2024-10-17,bull_put,2024-10-11 10:47:00,25000,25,25000,24600,114.0,7150.0,24978.5,2024-10-14 15:01:00,TIME,1527.5,101.366391465,1426.133608535
2024-10-15,2024-10-17,bull_put,2024-10-15 10:17:00,25050,25,25050,24650,94.45,7638.75,25071.9,2024-10-16 15:01:00,TIME,176.24999999999994,99.51774594250001,76.73225405749993
2024-10-17,2024-10-17,bull_put,2024-10-17 10:16:00,24850,25,24850,24450,37.34,9066.5,24842.4,2024-10-17 15:01:00,TIME,-1544.0000000000002,96.868277174,-1640.8682771740002
2024-10-18,2024-10-24,bull_put,2024-10-18 10:16:00,24700,25,24700,24300,104.29999999999998,7392.500000000001,24678.65,2024-10-21 15:01:00,TIME,887.4999999999993,101.36506152,786.1349384799993
2024-10-22,2024-10-24,bear_call,2024-10-22 10:27:00,24700,25,24700,25100,98.7,7532.5,24685.25,2024-10-23 15:01:00,TIME,2298.75,98.5928132075,2200.1571867925
2024-10-24,2024-10-24,bear_call,2024-10-24 10:19:00,24450,25,24450,24850,23.56,9411.0,24426.75,2024-10-24 15:01:00,TIME,580.2499999999999,95.29700514150002,484.9529948584999
2024-10-25,2024-10-31,bull_put,2024-10-25 10:19:00,24250,25,24250,23850,111.1,7222.499999999999,24248.4,2024-10-28 15:01:00,TIME,1487.5,101.65606152000001,1385.84393848
2024-10-29,2024-10-31,bull_put,2024-10-29 10:24:00,24200,25,24200,23800,80.8,7980.0,24220.25,2024-10-30 15:01:00,TIME,1521.2499999999998,98.30170760250002,1422.9482923974997
2024-10-31,2024-10-31,bear_call,2024-10-31 10:18:00,24250,25,24250,24650,46.95,8826.25,24261.8,2024-10-31 15:01:00,TIME,1165.0,96.138561675,1068.861438325
2024-11-04,2024-11-07,bull_put,2024-11-04 10:18:00,24000,25,24000,23600,142.64999999999998,6433.750000000001,23982.45,2024-11-05 15:01:00,TIME,1803.7499999999995,105.49155932749998,1698.2584406724995
2024-11-06,2024-11-07,bear_call,2024-11-06 10:27:00,24350,25,24350,24750,97.9,7552.500000000001,24353.2,2024-11-07 15:01:00,TIME,2441.25,98.3667986625,2342.8832013375
2024-11-08,2024-11-14,bear_call,2024-11-08 10:27:00,24200,25,24200,24600,135.34999999999997,6616.250000000001,24195.2,2024-11-11 15:01:00,TIME,1218.7499999999993,102.20776334249997,1116.5422366574994
2024-11-12,2024-11-14,bull_put,2024-11-12 10:18:00,24200,25,24200,23800,103.30000000000001,7417.5,24178.9,2024-11-13 15:01:00,TIME,-7084.999999999999,115.80557114999999,-7200.805571149999
2024-11-14,2024-11-14,bear_call,2024-11-14 10:28:00,23600,25,23600,24000,34.190000000000005,9145.25,23590.6,2024-11-14 15:01:00,TIME,847.2500000000002,95.68909349649999,751.5609065035003
2024-11-18,2024-11-21,bear_call,2024-11-18 10:20:00,23450,25,23450,23850,110.0,7250.0,23425.9,2024-11-19 15:01:00,TIME,-643.7500000000007,101.15107773250001,-744.9010777325007
2024-11-21,2024-11-21,bull_put,2024-11-21 10:23:00,23300,25,23300,22900,32.35,9191.25,23322.55,2024-11-21 15:01:00,TIME,800.0,95.66873346499999,704.331266535
2024-11-22,2024-11-28,bear_call,2024-11-22 10:23:00,23550,25,23550,23950,159.05,6023.75,23545.25,2024-11-25 15:01:00,TIME,-5181.25,122.4257714025,-5303.6757714025
2024-11-26,2024-11-28,bear_call,2024-11-26 10:16:00,24200,25,24200,24600,123.05,6923.75,24220.05,2024-11-27 15:01:00,TIME,-168.50000000000057,101.11177673899999,-269.61177673900056
2024-11-28,2024-11-28,bear_call,2024-11-28 10:16:00,24300,25,24300,24700,69.2,8270.0,24324.8,2024-11-28 15:01:00,TIME,1721.2500000000002,96.95792990249998,1624.2920700975003
2024-11-29,2024-12-05,bull_put,2024-11-29 10:28:00,24050,25,24050,23650,115.1,7122.499999999999,24035.6,2024-12-02 15:01:00,TIME,1626.25,102.5262402625,1523.7237597375
2024-12-03,2024-12-05,bull_put,2024-12-03 10:17:00,24350,25,24350,23950,103.89999999999999,7402.500000000001,24358.7,2024-12-04 15:01:00,TIME,839.9999999999995,101.00274411,738.9972558899996
2024-12-05,2024-12-05,bear_call,2024-12-05 10:17:00,24400,25,24400,24800,117.84999999999998,7053.750000000001,24410.25,2024-12-05 15:01:00,TIME,-701.2500000000007,100.93728343249998,-802.1872834325006
2024-12-06,2024-12-12,bull_put,2024-12-06 10:23:00,24700,25,24700,24300,132.79999999999998,6680.000000000001,24711.55,2024-12-09 15:01:00,TIME,-422.50000000000085,105.774757305,-528.2747573050009
2024-12-10,2024-12-12,bull_put,2024-12-10 10:16:00,24650,25,24650,24250,105.69999999999999,7357.5,24657.45,2024-12-11 15:01:00,TIME,917.4999999999998,100.04805406499999,817.4519459349998
2024-12-12,2024-12-12,bull_put,2024-12-12 10:32:00,24600,25,24600,24200,29.89,9252.75,24624.7,2024-12-12 15:01:00,TIME,-591.4999999999999,96.233389554,-687.7333895539999
2024-12-13,2024-12-19,bear_call,2024-12-13 10:16:00,24300,25,24300,24700,133.65,6658.750000000001,24315.7,2024-12-16 15:01:00,TIME,-3722.5000000000014,111.53384274999999,-3834.0338427500014
2024-12-17,2024-12-19,bear_call,2024-12-17 10:21:00,24450,25,24450,24850,121.29999999999998,6967.500000000001,24456.25,2024-12-18 15:01:00,TIME,2652.4999999999995,101.13353174,2551.3664682599997
2024-12-30,2025-01-02,bear_call,2024-12-30 10:21:00,23750,75,23750,24150,123.2,20760.0,23762.65,2024-12-31 15:01:00,TIME,2411.2500000000005,114.0265157375,2297.2234842625003
2025-01-01,2025-01-02,bull_put,2025-01-01 10:29:00,23650,75,23650,23250,96.2,22785.0,23643.5,2025-01-02 15:01:00,TIME,7192.5,106.679430305,7085.820569695
2025-01-03,2025-01-09,bear_call,2025-01-03 10:29:00,24050,75,24050,24450,123.38999999999999,20745.75,24047.45,2025-01-06 15:01:00,TIME,6295.5,115.63779114199998,6179.862208858
2025-01-07,2025-01-09,bull_put,2025-01-07 10:30:00,23750,75,23750,23350,100.54999999999998,22458.750000000004,23758.85,2025-01-08 15:01:00,TIME,116.24999999999872,113.76396434749999,2.486035652498728
2025-01-09,2025-01-09,bear_call,2025-01-09 10:31:00,23600,75,23600,24000,34.150000000000006,27438.75,23613.95,2025-01-09 15:01:00,TIME,2538.7500000000005,98.36760946249998,2440.3823905375007
2025-01-10,2025-01-16,bull_put,2025-01-10 10:19:00,23400,75,23400,23000,121.85,20861.25,23402.15,2025-01-13 15:01:00,TIME,-8677.500000000002,136.168487975,-8813.668487975001
2025-01-14,2025-01-16,bear_call,2025-01-14 10:19:00,23150,75,23150,23550,99.55000000000001,22533.75,23136.55,2025-01-15 15:01:00,TIME,120.0000000000017,110.52054752000001,9.479452480001697
2025-01-16,2025-01-16,bear_call,2025-01-16 10:50:00,23300,75,23300,23700,16.94,28729.5,23298.05,2025-01-16 15:01:00,TIME,921.7500000000001,96.55437032449998,825.1956296755002
2025-01-17,2025-01-23,bull_put,2025-01-17 10:20:00,23200,75,23200,22800,101.89999999999999,22357.5,23215.05,2025-01-20 15:01:00,TIME,3419.9999999999995,114.98494177399999,3305.0150582259994
2025-01-21,2025-01-23,bear_call,2025-01-21 10:16:00,23250,75,23250,23650,129.75,20268.75,23250.55,2025-01-22 15:01:00,TIME,7541.25,113.21704387249999,7428.0329561275
2025-01-23,2025-01-23,bear_call,2025-01-23 10:40:00,23250,75,23250,23650,21.5,28387.5,23226.15,2025-01-23 15:01:00,TIME,1586.25,96.82506368749999,1489.4249363125
2025-01-24,2025-01-30,bear_call,2025-01-24 10:19:00,23150,25,23150,23550,145.04999999999998,6373.75,23133.3,2025-01-27 15:01:00,TIME,2662.2499999999995,102.8390753265,2559.4109246734997
2025-01-28,2025-01-30,bull_put,2025-01-28 10:23:00,22900,25,22900,22500,127.39999999999998,6815.000000000001,22884.95,2025-01-29 15:01:00,TIME,1706.2499999999995,101.7749363625,1604.4750636374995
2025-01-30,2025-01-30,bear_call,2025-01-30 10:16:00,23300,25,23300,23700,80.21,7994.750000000001,23278.75,2025-01-30 15:01:00,TIME,1981.4999999999998,97.36045513399999,1884.1395448659998
2025-01-31,2025-02-06,bull_put,2025-01-31 10:16:00,23350,75,23350,22950,133.2,20010.0,23348.65,2025-02-01 15:01:00,TIME,5576.25,133.09487581250002,5443.1551241875
2025-02-03,2025-02-06,bear_call,2025-02-03 10:17:00,23250,75,23250,23650,133.48999999999998,19988.25,23249.75,2025-02-04 15:01:00,TIME,-15799.5,139.82804167700002,-15939.328041677
2025-02-05,2025-02-06,bull_put,2025-02-05 10:26:00,23750,75,23750,23350,74.75000000000001,24393.75,23757.05,2025-02-06 15:01:00,TIME,-7233.749999999998,109.00011548749998,-7342.750115487498
2025-02-07,2025-02-13,bear_call,2025-02-07 10:19:00,23550,75,23550,23950,142.04999999999998,19346.250000000004,23536.5,2025-02-10 15:01:00,TIME,5287.499999999999,119.34296855,5168.1570314499995
2025-02-11,2025-02-13,bull_put,2025-02-11 10:25:00,23300,75,23300,22900,107.5,21937.5,23280.4,2025-02-12 15:01:00,TIME,-11055.0,122.285432345,-11177.285432345
2025-02-13,2025-02-13,bear_call,2025-02-13 10:22:00,23150,75,23150,23550,68.2,24885.0,23156.55,2025-02-13 15:01:00,TIME,5092.5,101.83357406000002,4990.66642594
2025-02-14,2025-02-20,bull_put,2025-02-14 10:18:00,23050,75,23050,22650,100.41,22469.250000000004,23074.15,2025-02-17 15:01:00,TIME,-2868.0000000000027,120.939657632,-2988.9396576320028
2025-02-18,2025-02-20,bear_call,2025-02-18 10:19:00,22900,75,22900,23300,116.5,21262.5,22897.3,2025-02-19 15:01:00,TIME,1575.0000000000011,113.76385034,1461.236149660001
2025-02-20,2025-02-20,bull_put,2025-02-20 10:21:00,22900,75,22900,22500,44.900000000000006,26632.5,22890.7,2025-02-20 15:01:00,TIME,3225.0000000000005,99.45684900500001,3125.5431509950004
2025-02-21,2025-02-27,bull_put,2025-02-21 10:21:00,22800,75,22800,22400,116.69999999999999,21247.5,22782.05,2025-02-24 15:01:00,TIME,-3765.0000000000036,122.4120164,-3887.4120164000037
2025-02-25,2025-02-27,bear_call,2025-02-25 10:19:00,22600,75,22600,23000,64.2,25185.0,22578.4,2025-02-27 15:01:00,TIME,4796.25,101.8537231775,4694.3962768225
2025-02-28,2025-03-06,bull_put,2025-02-28 10:22:00,22300,75,22300,21900,93.15,23013.75,22287.05,2025-03-03 15:01:00,TIME,-5955.0,118.53337838000002,-6073.53337838
2025-03-04,2025-03-06,bull_put,2025-03-04 10:34:00,22050,75,22050,21650,71.21000000000001,24659.249999999996,22072.55,2025-03-05 15:01:00,TIME,4613.25,103.6709776445,4509.5790223555
2025-03-06,2025-03-06,bull_put,2025-03-06 10:17:00,22350,75,22350,21950,51.1,26167.5,22357.55,2025-03-06 15:01:00,TIME,3817.5,100.05095772499999,3717.449042275
2025-03-07,2025-03-13,bull_put,2025-03-07 10:18:00,22600,75,22600,22200,99.29999999999998,22552.500000000004,22619.5,2025-03-10 15:01:00,TIME,-4905.0,119.60732028500001,-5024.607320285
2025-03-11,2025-03-13,bull_put,2025-03-11 10:24:00,22450,75,22450,22050,102.2,22335.0,22432.25,2025-03-12 15:01:00,TIME,4008.75,109.6284465275,3899.1215534725
2025-03-13,2025-03-13,bull_put,2025-03-13 10:16:00,22550,75,22550,22150,28.1,27892.5,22551.65,2025-03-13 15:01:00,TIME,-9622.5,102.77677335499999,-9725.276773355
2025-03-17,2025-03-20,bear_call,2025-03-17 10:28:00,22500,75,22500,22900,107.96000000000001,21902.999999999996,22478.95,2025-03-18 15:01:00,TIME,-13413.0,123.954107462,-13536.954107462
2025-03-19,2025-03-20,bull_put,2025-03-19 10:16:00,22900,75,22900,22500,70.5,24712.5,22879.1,2025-03-20 15:01:00,TIME,5265.0,103.08844940000002,5161.9115506
2025-03-21,2025-03-27,bull_put,2025-03-21 10:27:00,23300,75,23300,22900,109.1,21817.5,23276.05,2025-03-24 15:01:00,TIME,6656.25,111.08677165249999,6545.1632283475
2025-03-25,2025-03-27,bull_put,2025-03-25 10:20:00,23800,75,23800,23400,98.45,22616.25,23798.2,2025-03-26 15:01:00,TIME,-12337.500000000004,123.141378905,-12460.641378905004
2025-03-27,2025-03-27,bull_put,2025-03-27 10:24:00,23600,75,23600,23200,22.65,28301.25,23614.95,2025-03-27 15:01:00,TIME,1016.2499999999998,97.85228512249999,918.3977148774998
2025-03-28,2025-04-03,bull_put,2025-03-28 10:20:00,23550,75,23550,23150,99.5,22537.5,23535.6,2025-04-01 15:01:00,TIME,-13758.750000000004,129.0715166525,-13887.821516652504
2025-04-02,2025-04-03,bull_put,2025-04-02 10:21:00,23250,75,23250,22850,68.65,24851.25,23254.0,2025-04-03 15:01:00,TIME,4871.25,103.5702308825,4767.6797691175
2025-04-04,2025-04-09,bull_put,2025-04-04 10:19:00,22950,75,22950,22550,103.85,22211.25,22974.0,2025-04-07 15:01:00,TIME,-16642.499999999993,199.37831258000003,-16841.878312579993
2025-04-08,2025-04-09,bear_call,2025-04-08 10:17:00,22400,75,22400,22800,134.25,19931.25,22386.9,2025-04-09 15:01:00,TIME,9926.25,112.1359157675,9814.1140842325
2025-04-11,2025-04-17,bull_put,2025-04-11 10:16:00,22850,75,22850,22450,124.99999999999999,20625.0,22841.1,2025-04-15 15:01:00,TIME,8819.999999999998,122.78516429000001,8697.214835709998
2025-04-16,2025-04-17,bear_call,2025-04-16 10:16:00,23350,75,23350,23750,47.75,26418.75,23343.3,2025-04-17 15:01:00,TIME,-26385.0,127.92892572500001,-26512.928925725
2025-04-21,2025-04-24,bear_call,2025-04-21 10:22:00,24000,75,24000,24400,125.14999999999999,20613.75,24020.05,2025-04-22 15:01:00,TIME,-4451.250000000001,122.4521606675,-4573.702160667501
2025-04-23,2025-04-24,bull_put,2025-04-23 10:20:00,24200,75,24200,23800,65.75,25068.75,24218.3,2025-04-24 15:01:00,TIME,4875.0,102.920213915,4772.079786085
2025-04-25,2025-04-30,bear_call,2025-04-25 10:17:00,24000,75,24000,24400,157.5,18187.5,24016.9,2025-04-28 15:01:00,TIME,-10320.000000000002,141.15125312,-10461.151253120002
2025-04-29,2025-04-30,bear_call,2025-04-29 10:20:00,24300,75,24300,24700,80.2,23985.0,24319.0,2025-04-30 15:01:00,TIME,-540.0000000000002,106.93778318,-646.9377831800002
2025-05-02,2025-05-08,bear_call,2025-05-02 10:16:00,24550,75,24550,24950,172.39999999999998,17070.0,24568.2,2025-05-05 15:01:00,TIME,8868.749999999998,123.08418248749999,8745.665817512498
2025-05-06,2025-05-08,bear_call,2025-05-06 10:18:00,24400,75,24400,24800,61.190000000000005,25410.75,24384.15,2025-05-07 15:01:00,TIME,1743.0000000000007,103.662750137,1639.3372498630006
2025-05-08,2025-05-08,bull_put,2025-05-08 10:22:00,24400,75,24400,24000,24.849999999999998,28136.25,24405.0,2025-05-08 15:01:00,TIME,-7496.25,101.6991243425,-7597.9491243425
2025-05-09,2025-05-15,bear_call,2025-05-09 10:21:00,24050,75,24050,24450,169.64999999999998,17276.25,24031.5,2025-05-12 15:01:00,TIME,-14396.249999999995,212.7480498875,-14608.998049887494
2025-05-13,2025-05-15,bull_put,2025-05-13 10:17:00,24800,75,24800,24400,138.31,19626.75,24783.85,2025-05-14 15:01:00,TIME,-4064.250000000002,128.15710472450002,-4192.407104724502
2025-05-15,2025-05-15,bear_call,2025-05-15 10:21:00,24550,75,24550,24950,66.34,25024.499999999996,24540.15,2025-05-15 15:01:00,TIME,-24859.500000000004,130.88154891199997,-24990.381548912002
2025-05-16,2025-05-22,bear_call,2025-05-16 10:24:00,25000,75,25000,25400,133.5,19987.5,24994.4,2025-05-19 15:01:00,TIME,2804.9999999999995,123.332727275,2681.6672727249997
2025-05-20,2025-05-22,bull_put,2025-05-20 10:23:00,24900,75,24900,24500,99.75,22518.75,24894.65,2025-05-21 15:01:00,TIME,-3168.7500000000023,116.85559070750001,-3285.6055907075024
2025-05-22,2025-05-22,bull_put,2025-05-22 10:17:00,24600,75,24600,24200,47.010000000000005,26474.25,24611.15,2025-05-22 15:01:00,TIME,2843.2500000000005,100.0169541395,2743.2330458605006
2025-05-23,2025-05-29,bear_call,2025-05-23 10:17:00,24800,75,24800,25200,160.81,17939.25,24796.5,2025-05-26 15:01:00,TIME,-4686.750000000003,146.8246573295,-4833.574657329503
2025-05-27,2025-05-29,bear_call,2025-05-27 10:17:00,24750,75,24750,25150,147.7,18922.5,24755.65,2025-05-28 15:01:00,TIME,3213.7499999999995,126.7622635925,3086.9877364074996
2025-05-29,2025-05-29,bear_call,2025-05-29 10:31:00,24750,75,24750,25150,56.61,25754.25,24762.45,2025-05-29 15:01:00,TIME,308.24999999999994,102.8936955845,205.35630441549995
2025-05-30,2025-06-05,bear_call,2025-05-30 10:16:00,24800,75,24800,25200,138.75,19593.75,24777.5,2025-06-02 15:01:00,TIME,-258.75000000000125,132.92104421750003,-391.6710442175013
2025-06-03,2025-06-05,bull_put,2025-06-03 10:17:00,24650,75,24650,24250,135.7,19822.5,24672.25,2025-06-04 15:01:00,TIME,3712.499999999999,119.98733756000001,3592.512662439999
2025-06-05,2025-06-05,bear_call,2025-06-05 10:19:00,24700,75,24700,25100,42.5,26812.5,24714.4,2025-06-05 15:01:00,TIME,779.9999999999999,100.18818787999999,679.8118121199999
2025-06-06,2025-06-12,bull_put,2025-06-06 10:23:00,24750,75,24750,24350,116.30000000000001,21277.5,24762.2,2025-06-09 15:01:00,TIME,6847.500000000001,114.29927639000002,6733.200723610001
2025-06-10,2025-06-12,bull_put,2025-06-10 10:16:00,25150,75,25150,24750,86.7,23497.5,25158.4,2025-06-11 15:01:00,TIME,1132.5000000000007,109.24781925500001,1023.2521807450007
2025-06-12,2025-06-12,bear_call,2025-06-12 10:18:00,25100,75,25100,25500,39.150000000000006,27063.75,25086.9,2025-06-12 15:01:00,TIME,2917.5000000000005,98.84062066999999,2818.6593793300003
2025-06-13,2025-06-19,bull_put,2025-06-13 10:24:00,24650,75,24650,24250,122.35,20823.75,24651.6,2025-06-16 15:01:00,TIME,6798.75,121.25062339249999,6677.4993766075
2025-06-17,2025-06-19,bull_put,2025-06-17 10:17:00,24850,75,24850,24450,82.7,23797.5,24867.4,2025-06-18 15:01:00,TIME,-569.9999999999995,110.88304802,-680.8830480199996
2025-06-19,2025-06-19,bear_call,2025-06-19 10:33:00,24800,75,24800,25200,49.9,26257.5,24816.85,2025-06-19 15:01:00,TIME,3277.5,100.22826254,3177.27173746
2025-06-20,2025-06-26,bull_put,2025-06-20 10:25:00,25000,75,25000,24600,108.69999999999999,21847.5,24978.95,2025-06-23 15:01:00,TIME,1038.7499999999995,120.81339208249999,917.9366079174996
2025-06-24,2025-06-26,bull_put,2025-06-24 10:18:00,25250,75,25250,24850,83.95,23703.75,25254.3,2025-06-25 15:01:00,TIME,2148.7500000000005,109.75115776249999,2038.9988422375004
2025-06-26,2025-06-26,bear_call,2025-06-26 10:16:00,25400,75,25400,25800,68.75,24843.75,25393.35,2025-06-26 15:01:00,TIME,-5786.25,106.8298929275,-5893.0798929275
2025-06-27,2025-07-03,bull_put,2025-06-27 10:16:00,25600,75,25600,25200,112.95,21528.75,25576.35,2025-06-30 15:01:00,TIME,-2842.5000000000014,122.183192915,-2964.683192915001
2025-07-01,2025-07-03,bear_call,2025-07-01 10:23:00,25500,75,25500,25900,117.84999999999998,21161.250000000004,25524.4,2025-07-02 15:01:00,TIME,5324.999999999998,110.81409092000001,5214.185909079998
2025-07-03,2025-07-03,bull_put,2025-07-03 10:26:00,25550,75,25550,25150,39.00000000000001,27075.0,25565.3,2025-07-03 15:01:00,TIME,-7691.250000000001,103.45896967249998,-7794.708969672501
2025-07-04,2025-07-10,bull_put,2025-07-04 10:24:00,25400,75,25400,25000,105.14999999999998,22113.75,25415.5,2025-07-07 15:01:00,TIME,2684.9999999999986,113.60504984,2571.3949501599986
2025-07-08,2025-07-10,bull_put,2025-07-08 10:20:00,25450,75,25450,25050,74.60000000000001,24405.0,25459.95,2025-07-09 15:01:00,TIME,2505.0000000000005,105.58417714999999,2399.4158228500005
2025-07-10,2025-07-10,bear_call,2025-07-10 10:50:00,25400,75,25400,25800,52.1,26092.5,25403.55,2025-07-10 15:01:00,TIME,3825.0,100.26374037499998,3724.736259625
2025-07-11,2025-07-17,bear_call,2025-07-11 10:20:00,25250,75,25250,25650,113.54999999999998,21483.750000000004,25239.55,2025-07-14 15:01:00,TIME,4616.249999999999,112.1469941225,4504.1030058774995
2025-07-15,2025-07-17,bear_call,2025-07-15 10:19:00,25100,75,25100,25500,92.65,23051.25,25113.75,2025-07-16 15:01:00,TIME,-3393.75,111.0368031125,-3504.7868031125
2025-07-17,2025-07-17,bear_call,2025-07-17 10:31:00,25150,75,25150,25550,38.4,27120.0,25144.35,2025-07-17 15:01:00,TIME,2827.4999999999995,98.76908465,2728.7309153499996
2025-07-18,2025-07-24,bear_call,2025-07-18 10:16:00,25000,75,25000,25400,125.74999999999999,20568.75,24996.35,2025-07-21 15:01:00,TIME,-888.7500000000027,118.3448234825,-1007.0948234825028
2025-07-22,2025-07-24,bull_put,2025-07-22 10:22:00,25100,75,25100,24700,57.3,25702.5,25119.3,2025-07-23 15:01:00,TIME,3408.7499999999995,102.11496734750003,3306.6350326524994
2025-07-24,2025-07-24,bull_put,2025-07-24 10:19:00,25150,75,25150,24750,17.65,28676.25,25165.3,2025-07-24 15:01:00,TIME,-4950.0,99.23567219,-5049.23567219
2025-07-25,2025-07-31,bear_call,2025-07-25 10:32:00,24850,75,24850,25250,119.04999999999998,21071.250000000004,24855.5,2025-07-28 15:01:00,TIME,5553.749999999999,113.53586329250001,5440.214136707499
2025-07-29,2025-07-31,bear_call,2025-07-29 10:28:00,24650,75,24650,25050,85.75,23568.75,24635.0,2025-07-30 15:01:00,TIME,-10552.500000000002,115.264836635,-10667.764836635002
2025-07-31,2025-07-31,bull_put,2025-07-31 10:26:00,24700,75,24700,24300,57.0,25725.0,24686.75,2025-07-31 15:01:00,TIME,4215.0,100.86420917000001,4114.13579083
2025-08-01,2025-08-07,bull_put,2025-08-01 10:21:00,24750,75,24750,24350,107.1,21967.5,24766.1,2025-08-04 15:01:00,TIME,-101.2500000000017,116.91416968250002,-218.16416968250172
2025-08-05,2025-08-07,bull_put,2025-08-05 10:19:00,24650,75,24650,24250,100.5,22462.5,24627.95,2025-08-06 15:01:00,TIME,138.74999999999957,111.56490976250001,27.185090237499566
2025-08-07,2025-08-07,bull_put,2025-08-07 10:19:00,24500,75,24500,24100,37.0,27225.0,24484.45,2025-08-07 15:01:00,TIME,2666.25,98.57584856749999,2567.6741514325
2025-08-08,2025-08-14,bull_put,2025-08-08 10:27:00,24500,75,24500,24100,103.39999999999999,22245.0,24480.75,2025-08-11 15:01:00,TIME,3487.499999999999,112.49538876499999,3375.004611234999
2025-08-12,2025-08-14,bear_call,2025-08-12 10:20:00,24650,75,24650,25050,99.7,22522.5,24650.9,2025-08-13 15:01:00,TIME,2737.500000000001,108.50645616499999,2628.9935438350008
2025-08-14,2025-08-14,bull_put,2025-08-14 10:19:00,24650,75,24650,24250,50.6,26205.0,24636.8,2025-08-14 15:01:00,TIME,3352.5,100.19492249000001,3252.30507751
2025-08-18,2025-08-21,bear_call,2025-08-18 10:26:00,25000,75,25000,25400,115.94999999999999,21303.75,24979.7,2025-08-19 15:01:00,TIME,3123.7499999999995,112.34337028249999,3011.4066297174995
2025-08-20,2025-08-21,bear_call,2025-08-20 10:23:00,25000,75,25000,25400,62.15,25338.75,24990.65,2025-08-21 15:01:00,TIME,-2617.5,104.50800866000002,-2722.00800866
2025-08-22,2025-08-28,bear_call,2025-08-22 10:17:00,24950,75,24950,25350,110.0,21750.0,24950.9,2025-08-25 15:01:00,TIME,941.2499999999998,112.46304212749999,828.7869578724998
2025-08-26,2025-08-28,bear_call,2025-08-26 10:16:00,24800,75,24800,25200,59.55,25533.75,24783.75,2025-08-28 15:01:00,TIME,4440.0,101.635627145,4338.364372855
2025-08-29,2025-09-02,bull_put,2025-08-29 10:17:00,24500,75,24500,24100,81.95,23853.75,24483.25,2025-09-01 15:01:00,TIME,5010.0,105.29325707000001,4904.70674293
2025-09-02,2025-09-02,bear_call,2025-09-02 10:17:00,24750,75,24750,25150,31.600000000000005,27630.0,24726.1,2025-09-02 15:01:00,TIME,2347.5000000000005,97.901877695,2249.5981223050003
2025-09-03,2025-09-09,bear_call,2025-09-03 10:17:00,24600,75,24600,25000,111.4,21645.0,24591.35,2025-09-04 15:01:00,TIME,-5212.5,118.41942854,-5330.91942854
2025-09-05,2025-09-09,bear_call,2025-09-05 10:22:00,24650,75,24650,25050,91.69999999999999,23122.5,24638.4,2025-09-08 15:01:00,TIME,-6131.250000000002,112.10731333250001,-6243.357313332502
2025-09-09,2025-09-09,bear_call,2025-09-09 10:40:00,24800,75,24800,25200,52.150000000000006,26088.75,24819.1,2025-09-09 15:01:00,TIME,-828.7499999999998,102.2767184375,-931.0267184374998
2025-09-10,2025-09-16,bull_put,2025-09-10 10:26:00,25050,75,25050,24650,96.9,22732.5,25025.05,2025-09-11 15:01:00,TIME,1218.7500000000011,112.10265277250001,1106.647347227501
2025-09-12,2025-09-16,bear_call,2025-09-12 10:19:00,25050,75,25050,25450,100.10000000000001,22492.5,25066.6,2025-09-15 15:01:00,TIME,1710.000000000001,108.482181005,1601.5178189950009
2025-09-16,2025-09-16,bear_call,2025-09-16 10:25:00,25150,75,25150,25550,54.75,25893.75,25161.45,2025-09-16 15:01:00,TIME,-1170.0000000000007,102.68636135,-1272.6863613500007
2025-09-17,2025-09-23,bear_call,2025-09-17 10:16:00,25300,75,25300,25700,126.25,20531.25,25311.85,2025-09-18 15:01:00,TIME,-3352.5000000000014,117.237048545,-3469.7370485450015
2025-09-19,2025-09-23,bear_call,2025-09-19 10:17:00,25300,75,25300,25700,93.10000000000001,23017.5,25313.95,2025-09-22 15:01:00,TIME,5025.0,106.158027185,4918.841972815
2025-09-23,2025-09-23,bear_call,2025-09-23 10:19:00,25150,75,25150,25550,35.95,27303.75,25132.45,2025-09-23 15:01:00,TIME,-247.49999999999926,99.82230897499998,-347.32230897499926
2025-09-24,2025-09-30,bull_put,2025-09-24 10:18:00,25100,75,25100,24700,71.69999999999999,24622.5,25106.6,2025-09-25 15:01:00,TIME,-5673.75,111.34621862749998,-5785.0962186275
2025-09-29,2025-09-30,bull_put,2025-09-29 10:19:00,24800,75,24800,24400,46.4,26520.0,24777.75,2025-09-30 15:01:00,TIME,-9183.750000000002,105.76074034250001,-9289.510740342503
2025-10-01,2025-10-07,bull_put,2025-10-01 10:31:00,24650,75,24650,24250,75.89999999999999,24307.5,24674.8,2025-10-03 15:01:00,TIME,4837.499999999999,105.31416714500003,4732.185832854999
2025-10-06,2025-10-07,bear_call,2025-10-06 10:30:00,24950,75,24950,25350,69.15,24813.75,24966.3,2025-10-07 15:01:00,TIME,-8175.0,107.89874502500001,-8282.898745025
2025-10-08,2025-10-14,bear_call,2025-10-08 10:21:00,25150,75,25150,25550,102.5,22312.5,25131.8,2025-10-09 15:01:00,TIME,-719.9999999999995,111.50744852000001,-831.5074485199996
2025-10-10,2025-10-14,bull_put,2025-10-10 10:16:00,25250,75,25250,24850,50.35000000000001,26223.75,25268.7,2025-10-13 15:01:00,TIME,-404.9999999999988,103.189844945,-508.1898449449988
2025-10-14,2025-10-14,bear_call,2025-10-14 10:18:00,25200,75,25200,25600,51.15,26163.75,25179.4,2025-10-14 15:01:00,TIME,3791.25,100.14628480249999,3691.1037151975
2025-10-15,2025-10-20,bull_put,2025-10-15 10:16:00,25250,75,25250,24850,66.80000000000001,24990.0,25254.8,2025-10-16 15:01:00,TIME,4203.750000000001,104.96148361250002,4098.788516387501
2025-10-17,2025-10-20,bull_put,2025-10-17 10:18:00,25700,75,25700,25300,77.85,24161.25,25683.95,2025-10-20 15:01:00,TIME,5820.0,104.50792272499999,5715.492077275
2025-10-23,2025-10-28,bull_put,2025-10-23 10:40:00,26100,75,26100,25700,80.75,23943.75,26080.55,2025-10-24 15:01:00,TIME,-14651.250000000002,123.57734152249999,-14774.827341522501
2025-10-27,2025-10-28,bear_call,2025-10-27 10:37:00,25950,75,25950,26350,117.7,21172.5,25951.0,2025-10-28 15:01:00,TIME,8715.0,108.00344922500001,8606.996550775
2025-10-29,2025-11-04,bull_put,2025-10-29 10:24:00,26000,75,26000,25600,86.45,23516.25,26015.55,2025-10-30 15:01:00,TIME,-3648.7500000000014,114.8938574675,-3763.643857467501
2025-10-31,2025-11-04,bear_call,2025-10-31 10:16:00,25850,75,25850,26250,120.6,20955.0,25856.65,2025-11-03 15:01:00,TIME,6303.75,111.0134102225,6192.7365897775
2025-11-04,2025-11-04,bear_call,2025-11-04 10:16:00,25700,75,25700,26100,36.35,27273.75,25677.55,2025-11-04 15:01:00,TIME,2685.0000000000005,98.6302571,2586.3697429000003
2025-11-06,2025-11-11,bear_call,2025-11-06 10:38:00,25550,75,25550,25950,108.85,21836.25,25525.25,2025-11-07 15:01:00,TIME,3105.0000000000005,111.28506503,2993.7149349700003
2025-11-10,2025-11-11,bull_put,2025-11-10 10:16:00,25600,75,25600,25200,64.95,25128.75,25583.75,2025-11-11 15:01:00,TIME,4848.75,101.9070716975,4746.8429283025
2025-11-12,2025-11-18,bear_call,2025-11-12 10:22:00,25850,75,25850,26250,131.89999999999998,20107.5,25836.85,2025-11-13 15:01:00,TIME,-22.500000000002984,119.73050817500001,-142.230508175003
2025-11-14,2025-11-18,bull_put,2025-11-14 10:19:00,25800,75,25800,25400,91.8,23115.0,25799.75,2025-11-17 15:01:00,TIME,6191.25,107.3754941525,6083.8745058475
2025-11-18,2025-11-18,bull_put,2025-11-18 10:20:00,25900,75,25900,25500,43.85,26711.25,25908.15,2025-11-18 15:01:00,TIME,3116.2500000000005,99.3448474625,3016.9051525375003
2025-11-19,2025-11-25,bull_put,2025-11-19 10:34:00,26000,75,26000,25600,112.89999999999999,21532.5,25976.1,2025-11-20 15:01:00,TIME,5651.25,113.2694330675,5537.9805669325
2025-11-21,2025-11-25,bear_call,2025-11-21 10:17:00,26100,75,26100,26500,100.95,22428.75,26080.75,2025-11-24 15:01:00,TIME,4143.750000000001,108.43905062750001,4035.310949372501
2025-11-25,2025-11-25,bear_call,2025-11-25 10:36:00,26000,75,26000,26400,49.1,26317.5,25998.0,2025-11-25 15:01:00,TIME,3637.5,99.81725612,3537.68274388
2025-11-26,2025-12-02,bull_put,2025-11-26 10:34:00,26100,75,26100,25700,97.0,22725.0,26083.5,2025-11-27 15:01:00,TIME,2917.5,111.18715602500001,2806.312843975
2025-11-28,2025-12-02,bull_put,2025-11-28 10:31:00,26250,75,26250,25850,77.85000000000001,24161.25,26241.0,2025-12-01 15:01:00,TIME,-2553.7499999999986,108.6068005775,-2662.3568005774987
2025-12-02,2025-12-02,bull_put,2025-12-02 10:21:00,26050,75,26050,25650,33.4,27495.0,26065.35,2025-12-02 15:01:00,TIME,-656.25,99.48812087749998,-755.7381208775
2025-12-03,2025-12-09,bull_put,2025-12-03 10:22:00,25950,75,25950,25550,102.7,22297.5,25931.4,2025-12-04 15:01:00,TIME,4248.75,110.67902819750002,4138.0709718025
2025-12-05,2025-12-09,bull_put,2025-12-05 10:16:00,26100,75,26100,25700,65.7,25072.5,26086.05,2025-12-08 15:01:00,TIME,-5985.000000000002,107.80362519500001,-6092.803625195002
2025-12-09,2025-12-09,bull_put,2025-12-09 10:17:00,25800,75,25800,25400,41.95,26853.75,25804.8,2025-12-09 15:01:00,TIME,3112.5,99.08159727499998,3013.418402725
2025-12-10,2025-12-16,bull_put,2025-12-10 10:16:00,25950,75,25950,25550,97.95,22653.75,25930.15,2025-12-11 15:01:00,TIME,-243.74999999999892,112.45998053749999,-356.2099805374989
2025-12-12,2025-12-16,bull_put,2025-12-12 10:16:00,26000,75,26000,25600,67.7,24922.5,26004.5,2025-12-15 15:01:00,TIME,1983.7500000000007,104.4703900325,1879.2796099675006
2025-12-16,2025-12-16,bull_put,2025-12-16 10:18:00,25900,75,25900,25500,40.150000000000006,26988.75,25901.2,2025-12-16 15:01:00,TIME,1590.0000000000005,99.44468256500001,1490.5553174350005
2025-12-17,2025-12-23,bear_call,2025-12-17 10:25:00,25850,75,25850,26250,109.7,21772.5,25826.4,2025-12-18 15:01:00,TIME,2088.7500000000005,112.0575119375,1976.6924880625004
2025-12-19,2025-12-23,bull_put,2025-12-19 10:18:00,25950,75,25950,25550,74.95,24378.75,25946.6,2025-12-22 15:01:00,TIME,5197.5,103.98292206500001,5093.517077935
2025-12-23,2025-12-23,bear_call,2025-12-23 10:16:00,26200,75,26200,26600,27.5,27937.5,26182.5,2025-12-23 15:01:00,TIME,1653.75,97.60375222249999,1556.1462477775
2025-12-24,2025-12-30,bear_call,2025-12-24 10:39:00,26200,75,26200,26600,112.4,21570.0,26221.8,2025-12-26 15:01:00,TIME,6982.500000000001,108.31348505,6874.186514950001
2025-12-29,2025-12-30,bear_call,2025-12-29 10:17:00,26050,75,26050,26450,43.0,26775.0,26029.3,2025-12-30 15:01:00,TIME,3206.25,99.2490673625,3107.0009326375002
2025-12-31,2026-01-06,bull_put,2025-12-31 10:16:00,26000,65,26000,25600,69.85,21459.75,26004.05,2026-01-01 15:01:00,TIME,3103.7499999999995,102.85660638550002,3000.8933936144995
2026-01-02,2026-01-06,bear_call,2026-01-02 10:22:00,26250,65,26250,26650,85.85000000000001,20419.75,26252.3,2026-01-05 15:01:00,TIME,2808.0000000000005,104.087716038,2703.9122839620004
2026-01-06,2026-01-06,bear_call,2026-01-06 10:20:00,26250,65,26250,26650,27.249999999999996,24228.75,26231.5,2026-01-06 15:01:00,TIME,1751.7499999999998,96.99270738349999,1654.7572926164999
2026-01-07,2026-01-13,bull_put,2026-01-07 10:16:00,26200,65,26200,25800,86.3,20390.5,26183.8,2026-01-08 15:01:00,TIME,-9567.35,115.5584472229,-9682.9084472229
2026-01-09,2026-01-13,bull_put,2026-01-09 10:23:00,25900,65,25900,25500,76.25,21043.75,25875.2,2026-01-12 15:01:00,TIME,-2954.250000000001,107.17488355649999,-3061.424883556501
2026-01-13,2026-01-13,bear_call,2026-01-13 10:17:00,25750,65,25750,26150,47.050000000000004,22941.75,25739.15,2026-01-13 15:01:00,TIME,2418.6500000000005,99.31846307289999,2319.3315369271004
2026-01-14,2026-01-20,bear_call,2026-01-14 10:19:00,25700,65,25700,26100,111.89999999999999,18726.5,25678.3,2026-01-16 15:01:00,TIME,273.00000000000017,111.63118293,161.36881707000018
2026-01-19,2026-01-20,bull_put,2026-01-19 10:21:00,25550,65,25550,25150,77.50000000000001,20962.5,25544.95,2026-01-20 15:01:00,TIME,-11284.000000000002,109.427667603,-11393.427667603002
2026-01-21,2026-01-27,bear_call,2026-01-21 10:23:00,25100,65,25100,25500,152.75,16071.25,25124.35,2026-01-22 15:01:00,TIME,-4085.2499999999995,125.53167581550001,-4210.7816758154995
2026-01-23,2026-01-27,bear_call,2026-01-23 10:19:00,25250,65,25250,25650,115.59999999999998,18486.000000000004,25254.25,2026-01-27 15:01:00,TIME,7478.249999999999,106.59144514249999,7371.658554857499
2026-01-28,2026-02-03,bull_put,2026-01-28 10:24:00,25300,65,25300,24900,132.10000000000002,17413.5,25276.1,2026-01-29 15:01:00,TIME,3269.500000000002,125.325518676,3144.174481324002
2026-01-30,2026-02-03,bear_call,2026-01-30 10:21:00,25300,65,25300,25700,135.45,17195.75,25291.25,2026-02-01 15:01:00,TIME,6860.749999999999,116.25516782150001,6744.494832178499
2026-02-02,2026-02-03,bull_put,2026-02-02 10:28:00,24850,65,24850,24450,102.45,19340.75,24848.25,2026-02-03 15:01:00,TIME,6656.0,107.150306296,6548.849693704
2026-02-04,2026-02-10,bear_call,2026-02-04 10:20:00,25750,65,25750,26150,137.05,17091.75,25757.35,2026-02-05 15:01:00,TIME,3617.2500000000014,117.0203130985,3500.2296869015013
2026-02-06,2026-02-10,bull_put,2026-02-06 10:19:00,25550,65,25550,25150,90.30000000000001,20130.5,25551.7,2026-02-09 15:01:00,TIME,5440.500000000001,105.63032526200001,5334.869674738001
2026-02-10,2026-02-10,bull_put,2026-02-10 10:17:00,25950,65,25950,25550,34.4,23764.0,25963.65,2026-02-10 15:01:00,TIME,1316.2499999999998,98.4007381115,1217.8492618884998
2026-02-11,2026-02-17,bull_put,2026-02-11 10:19:00,25950,65,25950,25550,85.55,20439.25,25948.5,2026-02-12 15:01:00,TIME,-4488.250000000002,113.3670762645,-4601.6170762645015
2026-02-13,2026-02-17,bear_call,2026-02-13 10:18:00,25500,65,25500,25900,121.05,18131.75,25516.45,2026-02-16 15:01:00,TIME,-4673.500000000001,116.05351568900001,-4789.553515689001
2026-02-17,2026-02-17,bull_put,2026-02-17 10:20:00,25700,65,25700,25300,52.800000000000004,22568.0,25690.7,2026-02-17 15:01:00,TIME,3337.75,99.59867656749998,3238.1513234325002
2026-02-18,2026-02-24,bear_call,2026-02-18 10:18:00,25650,65,25650,26050,123.74999999999999,17956.25,25650.5,2026-02-19 15:01:00,TIME,4117.749999999999,112.59261201550001,4005.157387984499
2026-02-20,2026-02-24,bull_put,2026-02-20 10:17:00,25500,65,25500,25100,87.15,20335.25,25517.6,2026-02-23 15:01:00,TIME,4254.25,108.0669165555,4146.1830834445
2026-02-24,2026-02-24,bear_call,2026-02-24 10:18:00,25500,65,25500,25900,44.4,23114.0,25478.0,2026-02-24 15:01:00,TIME,2840.4999999999995,98.80466997100001,2741.6953300289997
2026-02-25,2026-03-02,bull_put,2026-02-25 10:17:00,25650,65,25650,25250,89.35,20192.25,25644.7,2026-02-26 15:01:00,TIME,-4007.2500000000005,115.3041970865,-4122.554197086501
2026-02-27,2026-03-02,bear_call,2026-02-27 10:17:00,25300,65,25300,25700,105.9,19116.5,25309.55,2026-03-02 15:01:00,TIME,6867.25,105.92050794049999,6761.3294920595
2026-03-04,2026-03-10,bear_call,2026-03-04 10:20:00,24400,65,24400,24800,187.64999999999998,13802.750000000002,24387.0,2026-03-05 15:01:00,TIME,-6743.75,163.55136664149998,-6907.3013666415
2026-03-06,2026-03-10,bear_call,2026-03-06 10:31:00,24650,65,24650,25050,150.3,16230.5,24634.8,2026-03-09 15:01:00,TIME,8856.25,115.8272900205,8740.4227099795
2026-03-10,2026-03-10,bull_put,2026-03-10 10:16:00,24200,65,24200,23800,77.05000000000001,20991.75,24187.75,2026-03-10 15:01:00,TIME,4780.750000000001,102.42530535949999,4678.324694640501
2026-03-11,2026-03-17,bear_call,2026-03-11 10:36:00,24100,65,24100,24500,175.60000000000002,14585.999999999998,24097.4,2026-03-12 15:01:00,TIME,7949.500000000002,128.87621652800001,7820.623783472001
2026-03-13,2026-03-17,bull_put,2026-03-13 10:29:00,23350,65,23350,22950,132.0,17420.0,23346.5,2026-03-16 15:01:00,TIME,2187.2500000000005,127.1177233045,2060.1322766955004
2026-03-17,2026-03-17,bull_put,2026-03-17 10:23:00,23550,65,23550,23150,61.0,22035.0,23572.65,2026-03-17 15:01:00,TIME,3922.75,100.63764794250001,3822.1123520575
2026-03-18,2026-03-24,bull_put,2026-03-18 10:16:00,23650,65,23650,23250,116.69999999999997,18414.5,23673.75,2026-03-19 15:01:00,TIME,-12811.499999999998,179.22079955700002,-12990.720799556999
2026-03-20,2026-03-24,bear_call,2026-03-20 10:18:00,23200,65,23200,23600,169.14999999999998,15005.250000000002,23224.95,2026-03-23 15:01:00,TIME,9987.249999999998,122.9676153815,9864.282384618498
2026-03-24,2026-03-24,bull_put,2026-03-24 10:17:00,22750,65,22750,22350,97.35000000000001,19672.25,22728.2,2026-03-24 15:01:00,TIME,6292.000000000001,104.224669491,6187.775330509001
2026-03-25,2026-03-30,bear_call,2026-03-25 10:24:00,23300,65,23300,23700,168.85,15024.75,23288.1,2026-03-27 15:01:00,TIME,8372.0,127.07519465600001,8244.924805344
2026-03-30,2026-03-30,bull_put,2026-03-30 10:39:00,22550,65,22550,22150,91.80000000000001,20033.0,22546.3,2026-03-30 15:01:00,TIME,-8749.0,110.04690353200002,-8859.046903532
2026-04-01,2026-04-07,bear_call,2026-04-01 10:25:00,22850,65,22850,23250,169.75,14966.25,22828.35,2026-04-02 15:01:00,TIME,2859.999999999999,139.04761236,2720.952387639999
2026-04-06,2026-04-07,bull_put,2026-04-06 10:16:00,22650,65,22650,22250,129.59999999999997,17576.000000000004,22654.6,2026-04-07 15:01:00,TIME,8414.249999999998,114.91809335550002,8299.331906644498
2026-04-08,2026-04-13,bull_put,2026-04-08 10:21:00,23900,65,23900,23500,132.64999999999998,17377.75,23902.0,2026-04-09 15:01:00,TIME,-2203.5000000000023,135.492176138,-2338.9921761380024
2026-04-10,2026-04-13,bull_put,2026-04-10 10:20:00,24000,65,24000,23600,108.25,18963.75,24014.15,2026-04-13 15:01:00,TIME,-3454.7500000000005,113.48163762049998,-3568.2316376205004
2026-04-15,2026-04-21,bear_call,2026-04-15 10:37:00,24250,65,24250,24650,160.05,15596.75,24248.55,2026-04-16 15:01:00,TIME,2232.7500000000005,125.05531080950001,2107.6946891905004
2026-04-17,2026-04-21,bull_put,2026-04-17 10:16:00,24300,65,24300,23900,126.35,17787.25,24284.9,2026-04-20 15:01:00,TIME,3418.9999999999995,116.76404961700001,3302.2359503829994
2026-04-21,2026-04-21,bear_call,2026-04-21 10:21:00,24500,65,24500,24900,55.400000000000006,22399.0,24500.5,2026-04-21 15:01:00,TIME,-2167.7499999999995,102.18502383750001,-2269.9350238374996
2026-04-22,2026-04-28,bear_call,2026-04-22 10:22:00,24350,65,24350,24750,149.25,16298.75,24364.1,2026-04-23 15:01:00,TIME,4403.75,123.35914900450001,4280.3908509955
2026-04-24,2026-04-28,bear_call,2026-04-24 10:25:00,23950,65,23950,24350,131.45,17455.75,23943.9,2026-04-27 15:01:00,TIME,-3061.5000000000014,120.085916087,-3181.5859160870014
2026-04-28,2026-04-28,bull_put,2026-04-28 10:23:00,24150,65,24150,23750,35.15,23715.25,24173.1,2026-04-28 15:01:00,TIME,-6370.000000000002,101.67857223600001,-6471.678572236002
2026-04-29,2026-05-05,bull_put,2026-04-29 10:21:00,24250,65,24250,23850,111.69999999999999,18739.5,24265.35,2026-04-30 15:01:00,TIME,-5086.250000000002,129.1305632115,-5215.380563211502
2026-05-04,2026-05-05,bear_call,2026-05-04 10:23:00,24150,65,24150,24550,123.64999999999999,17962.75,24152.3,2026-05-05 15:01:00,TIME,8017.75,108.6173581745,7909.1326418255
2026-05-06,2026-05-12,bull_put,2026-05-06 10:22:00,24150,65,24150,23750,114.94999999999999,18528.25,24153.95,2026-05-07 15:01:00,TIME,3201.249999999999,115.2959764065,3085.954023593499
2026-05-08,2026-05-12,bull_put,2026-05-08 10:24:00,24250,65,24250,23850,122.69999999999999,18024.5,24230.25,2026-05-11 15:01:00,TIME,-11183.25,128.3425858005,-11311.5925858005
2026-05-12,2026-05-12,bull_put,2026-05-12 10:18:00,23650,65,23650,23250,44.0,23140.0,23666.7,2026-05-12 15:01:00,TIME,-13321.750000000002,105.82620639550001,-13427.576206395503
2026-05-13,2026-05-19,bull_put,2026-05-13 10:17:00,23400,65,23400,23000,121.75,18086.25,23422.1,2026-05-14 15:01:00,TIME,4582.5,120.54267568900002,4461.957324311
2026-05-15,2026-05-19,bull_put,2026-05-15 10:23:00,23800,65,23800,23400,117.39999999999999,18369.0,23814.25,2026-05-18 15:01:00,TIME,-3081.0000000000014,120.233549833,-3201.2335498330012
2026-05-19,2026-05-19,bear_call,2026-05-19 10:20:00,23750,65,23750,24150,41.050000000000004,23331.75,23725.7,2026-05-19 15:01:00,TIME,2652.0000000000005,98.308435414,2553.6915645860004
2026-05-20,2026-05-26,bear_call,2026-05-20 10:24:00,23500,65,23500,23900,139.15,16955.25,23481.65,2026-05-21 15:01:00,TIME,-3220.749999999999,129.3405040465,-3350.090504046499
2026-05-22,2026-05-26,bear_call,2026-05-22 10:17:00,23800,65,23800,24200,123.24999999999999,17988.75,23778.95,2026-05-25 15:01:00,TIME,-6298.500000000001,118.47367729000001,-6416.9736772900005
2026-05-26,2026-05-26,bear_call,2026-05-26 10:21:00,24050,65,24050,24450,48.00000000000001,22880.0,24051.0,2026-05-26 15:01:00,TIME,3097.2500000000005,98.94429864850001,2998.3057013515004
2026-05-27,2026-06-02,bull_put,2026-05-27 10:18:00,23950,65,23950,23550,110.74999999999997,18801.25,23953.75,2026-05-29 15:01:00,TIME,-6045.000000000002,122.179513593,-6167.1795135930015
2026-06-01,2026-06-02,bear_call,2026-06-01 10:28:00,23550,65,23550,23950,104.0,19240.0,23539.4,2026-06-02 15:01:00,TIME,6743.75,105.76998087550001,6637.9800191245
2026-06-03,2026-06-09,bull_put,2026-06-03 10:19:00,23250,65,23250,22850,124.64999999999999,17897.75,23257.8,2026-06-04 15:01:00,TIME,4023.4999999999995,116.616168234,3906.8838317659997
2026-06-05,2026-06-09,bull_put,2026-06-05 10:26:00,23500,65,23500,23100,106.99999999999997,19045.0,23495.3,2026-06-08 15:01:00,TIME,-11267.750000000004,124.6280849325,-11392.378084932503
2026-06-09,2026-06-09,bear_call,2026-06-09 10:23:00,23150,65,23150,23550,58.45,22200.75,23156.1,2026-06-09 15:01:00,TIME,-2268.5000000000005,102.68295846299999,-2371.1829584630004
2026-06-10,2026-06-16,bull_put,2026-06-10 10:36:00,23350,65,23350,22950,123.6,17966.0,23344.1,2026-06-11 15:01:00,TIME,-4433.000000000001,125.656052659,-4558.656052659001
2026-06-12,2026-06-16,bull_put,2026-06-12 10:23:00,23350,65,23350,22950,104.6,19201.0,23348.85,2026-06-15 15:01:00,TIME,6600.75,107.41050366850001,6493.3394963315
2026-06-16,2026-06-16,bull_put,2026-06-16 10:16:00,23900,65,23900,23500,40.85,23344.75,23911.05,2026-06-16 15:01:00,TIME,2639.0,98.32025632700001,2540.679743673
2026-06-17,2026-06-23,bull_put,2026-06-17 10:20:00,24050,65,24050,23650,119.35,18242.25,24066.95,2026-06-18 15:01:00,TIME,3262.999999999999,113.449893161,3149.550106838999
2026-06-19,2026-06-23,bear_call,2026-06-19 10:50:00,23950,65,23950,24350,116.19999999999997,18447.0,23957.4,2026-06-22 15:01:00,TIME,-4117.750000000003,113.8367833725,-4231.586783372502
2026-06-23,2026-06-23,bear_call,2026-06-23 10:18:00,24100,65,24100,24500,45.0,23075.0,24115.95,2026-06-23 15:01:00,TIME,2912.0,98.646004399,2813.353995601
2026-06-24,2026-06-30,bull_put,2026-06-24 10:25:00,23950,65,23950,23550,117.64999999999999,18352.75,23945.8,2026-06-25 15:01:00,TIME,4725.499999999999,111.947844275,4613.5521557249995
2026-06-29,2026-06-30,bull_put,2026-06-29 10:23:00,24100,65,24100,23700,81.85,20679.75,24085.95,2026-06-30 15:01:00,TIME,-10569.000000000002,109.99799553,-10678.997995530002
2026-07-01,2026-07-07,bull_put,2026-07-01 10:18:00,24000,65,24000,23600,113.30000000000001,18635.5,23996.1,2026-07-02 15:01:00,TIME,4826.250000000001,111.09947533150002,4715.150524668501
2026-07-03,2026-07-07,bear_call,2026-07-03 10:17:00,24300,65,24300,24700,112.80000000000001,18668.0,24322.7,2026-07-06 15:01:00,TIME,-1368.2499999999989,109.9379439865,-1478.1879439864988
2026-07-07,2026-07-07,bull_put,2026-07-07 10:22:00,24500,65,24500,24100,41.05,23331.75,24498.95,2026-07-07 15:01:00,TIME,-1751.7499999999993,100.42314326249999,-1852.1731432624993
2026-07-08,2026-07-14,bear_call,2026-07-08 10:16:00,24250,65,24250,24650,105.0,19175.0,24232.05,2026-07-09 15:01:00,TIME,4371.25,108.3230465985,4262.9269534015
2026-07-10,2026-07-14,bear_call,2026-07-10 10:31:00,24200,65,24200,24600,101.0,19435.0,24195.1,2026-07-13 15:01:00,TIME,1475.5000000000002,107.33248286199999,1368.1675171380002
2026-07-14,2026-07-14,bear_call,2026-07-14 10:16:00,24100,65,24100,24500,37.50000000000001,23562.5,24080.65,2026-07-14 15:01:00,TIME,2219.7500000000005,98.08368923649999,2121.6663107635004
2026-07-15,2026-07-21,bull_put,2026-07-15 10:17:00,24200,65,24200,23800,114.75,18541.25,24205.4,2026-07-16 15:01:00,TIME,-1894.7500000000005,117.83925233650001,-2012.5892523365005
2026-07-23,2026-07-28,bear_call,2026-07-23 10:22:00,23950,65,23950,24350,115.85,18469.75,23952.45,2026-07-24 15:01:00,TIME,4517.5,109.877281729,4407.622718271
2026-07-27,2026-07-28,bear_call,2026-07-27 10:21:00,23900,65,23900,24300,87.75,20296.25,23918.6,2026-07-28 15:01:00,TIME,2151.5,104.62727342,2046.87272658
2026-07-29,2026-08-04,bear_call,2026-07-29 10:48:00,24200,65,24200,24600,124.69999999999999,17894.5,24220.2,2026-07-30 15:01:00,TIME,-812.5000000000018,113.255657106,-925.7556571060018
2026-07-31,2026-08-04,bull_put,2026-07-31 10:22:00,24350,65,24350,23950,83.95,20543.25,24351.9,2026-08-03 15:01:00,TIME,5047.25,104.1073444065,4943.1426555935
2026-08-04,2026-08-04,bull_put,2026-08-04 10:18:00,24600,65,24600,24200,29.15,24105.25,24619.0,2026-08-04 15:01:00,TIME,-7124.000000000002,101.36725997500001,-7225.367259975002
2026-08-05,2026-08-11,bear_call,2026-08-05 10:27:00,24600,65,24600,25000,132.54999999999998,17384.250000000004,24594.25,2026-08-06 15:01:00,TIME,-1352.0000000000007,117.217337335,-1469.2173373350006
2026-08-07,2026-08-11,bear_call,2026-08-07 10:19:00,24550,65,24550,24950,130.1,17543.5,24574.8,2026-08-10 15:01:00,TIME,1797.2500000000005,112.5788921795,1684.6711078205005
2026-08-11,2026-08-11,bull_put,2026-08-11 10:29:00,24500,65,24500,24100,60.15,22090.25,24482.55,2026-08-11 15:01:00,TIME,1703.0000000000002,101.032289131,1601.9677108690003
2026-08-12,2026-08-18,bull_put,2026-08-12 10:20:00,24350,65,24350,23950,86.65,20367.75,24373.5,2026-08-13 15:01:00,TIME,1660.7500000000007,106.8332369395,1553.9167630605007
2026-08-14,2026-08-18,bear_call,2026-08-14 10:17:00,24350,65,24350,24750,94.85,19834.75,24342.8,2026-08-17 15:01:00,TIME,1784.2500000000002,106.20434974550001,1678.0456502545003
2026-08-18,2026-08-18,bear_call,2026-08-18 10:16:00,24200,65,24200,24600,42.55,23234.25,24210.35,2026-08-18 15:01:00,TIME,-441.99999999999983,99.86508274,-541.8650827399998
