date,expiry,type,entry_ts,atm,lot,short_strike,long_strike,credit,margin,alpha,alpha2,spot_entry,exit_ts,exit_reason,gross_pnl,charges,net_pnl
2024-09-27,2024-10-03,bull_put,2024-09-27 10:31:00,26250,25,26250,25850,90.8,7730.0,0.8329113924050633,0.9627118644067797,26273.45,2024-09-30 15:16:00,TIME,-5213.75,107.4166254825,-5321.1666254825
2024-10-01,2024-10-03,bear_call,2024-10-01 10:19:00,25800,25,25800,26200,96.16000000000001,7595.999999999999,0.08860759493670886,0.0711864406779661,25812.55,2024-10-03 15:16:00,TIME,2401.5000000000005,98.268277139,2303.2317228610004
2024-10-04,2024-10-10,bear_call,2024-10-04 10:20:00,25200,25,25200,25600,161.59999999999997,5960.000000000001,0.0189873417721519,0.07796610169491526,25176.05,2024-10-07 15:16:00,TIME,3163.749999999999,103.1580598475,3060.591940152499
2024-10-08,2024-10-10,bull_put,2024-10-08 10:21:00,24850,25,24850,24450,113.5,7162.5,0.9063291139240506,0.8542372881355932,24854.4,2024-10-09 15:16:00,TIME,1808.7499999999998,101.4110062325,1707.3389937674997
2024-10-10,2024-10-10,bear_call,2024-10-10 10:21:00,25100,25,25100,25500,39.14,9021.5,0.024050632911392405,0.04406779661016949,25095.15,2024-10-10 15:16:00,TIME,976.0,95.850300234,880.149699766
2024-10-11,2024-10-17,bull_put,2024-10-11 10:47:00,25000,25,25000,24600,114.0,7150.0,0.8607594936708861,0.8338983050847457,24978.5,2024-10-14 15:16:00,TIME,1566.2500000000002,101.3514896075,1464.8985103925002
2024-10-15,2024-10-17,bull_put,2024-10-15 10:17:00,25050,25,25050,24650,94.45,7638.75,0.8708860759493671,0.8915254237288136,25071.9,2024-10-16 15:16:00,TIME,-164.99999999999986,99.69965302499999,-264.69965302499986
2024-10-17,2024-10-17,bull_put,2024-10-17 10:16:00,24850,25,24850,24450,37.34,9066.5,0.9544303797468354,0.888135593220339,24842.4,2024-10-17 15:16:00,TIME,-1432.75,96.81649893150002,-1529.5664989315
2024-10-18,2024-10-24,bull_put,2024-10-18 10:16:00,24700,25,24700,24300,104.29999999999998,7392.500000000001,0.9227848101265823,0.9491525423728814,24678.65,2024-10-21 15:16:00,TIME,648.7499999999993,101.5037277025,547.2462722974993
2024-10-22,2024-10-24,bear_call,2024-10-22 10:27:00,24700,25,24700,25100,98.7,7532.5,0.05569620253164557,0.06440677966101695,24685.25,2024-10-23 15:16:00,TIME,2313.75,98.57917369249999,2215.1708263075
2024-10-24,2024-10-24,bear_call,2024-10-24 10:19:00,24450,25,24450,24850,23.56,9411.0,0.18734177215189873,0.11864406779661017,24426.75,2024-10-24 15:16:00,TIME,585.25,95.2924586365,489.9575413635
2024-10-25,2024-10-31,bull_put,2024-10-25 10:19:00,24250,25,24250,23850,111.1,7222.499999999999,0.8227848101265823,0.8305084745762712,24248.4,2024-10-28 15:16:00,TIME,1337.4999999999998,101.706474775,1235.7935252249997
2024-10-29,2024-10-31,bull_put,2024-10-29 10:24:00,24200,25,24200,23800,80.8,7980.0,0.8278481012658228,0.8406779661016949,24220.25,2024-10-30 15:16:00,TIME,1489.9999999999998,98.308627785,1391.6913722149998
2024-10-31,2024-10-31,bear_call,2024-10-31 10:18:00,24250,25,24250,24650,46.95,8826.25,0.11518987341772152,0.10847457627118644,24261.8,2024-10-31 15:16:00,TIME,1170.0,96.13169133500001,1073.868308665
2024-11-04,2024-11-07,bull_put,2024-11-04 10:18:00,24000,25,24000,23600,142.64999999999998,6433.750000000001,0.9885350318471338,0.9689655172413794,23982.45,2024-11-05 15:16:00,TIME,1828.7499999999995,105.5222750075,1723.2277249924996
2024-11-06,2024-11-07,bear_call,2024-11-06 10:27:00,24350,25,24350,24750,97.9,7552.500000000001,0.12531645569620253,0.15254237288135594,24353.2,2024-11-07 15:16:00,TIME,2446.25,98.36457599250001,2347.8854240075
2024-11-08,2024-11-14,bear_call,2024-11-08 10:27:00,24200,25,24200,24600,135.34999999999997,6616.250000000001,0.12784810126582277,0.14576271186440679,24195.2,2024-11-11 15:16:00,TIME,1109.999999999999,102.30490695,1007.6950930499991
2024-11-12,2024-11-14,bull_put,2024-11-12 10:18:00,24200,25,24200,23800,103.30000000000001,7417.5,0.8417721518987342,0.9186440677966101,24178.9,2024-11-13 15:16:00,TIME,-7044.999999999997,113.889216595,-7158.889216594997
2024-11-14,2024-11-14,bear_call,2024-11-14 10:28:00,23600,25,23600,24000,34.190000000000005,9145.25,0.15316455696202533,0.17966101694915254,23590.6,2024-11-14 15:16:00,TIME,849.75,95.6856583265,754.0643416734999
2024-11-18,2024-11-21,bear_call,2024-11-18 10:20:00,23450,25,23450,23850,110.0,7250.0,0.10379746835443038,0.13220338983050847,23425.9,2024-11-19 15:16:00,TIME,226.24999999999994,100.6458175675,125.60418243249994
2024-11-21,2024-11-21,bull_put,2024-11-21 10:23:00,23300,25,23300,22900,32.35,9191.25,0.8518987341772152,0.8169491525423729,23322.55,2024-11-21 15:16:00,TIME,806.25,95.6520121175,710.5979878825
2024-11-22,2024-11-28,bear_call,2024-11-22 10:23:00,23550,25,23550,23950,159.05,6023.75,0.04177215189873418,0.02711864406779661,23545.25,2024-11-25 15:16:00,TIME,-5262.499999999998,123.32403257499999,-5385.8240325749985
2024-11-26,2024-11-28,bear_call,2024-11-26 10:16:00,24200,25,24200,24600,123.05,6923.75,0.11012658227848102,0.05084745762711865,24220.05,2024-11-27 15:16:00,TIME,-270.0000000000006,101.16851611499999,-371.1685161150006
2024-11-28,2024-11-28,bear_call,2024-11-28 10:16:00,24300,25,24300,24700,69.2,8270.0,0.1518987341772152,0.09830508474576272,24324.8,2024-11-28 15:16:00,TIME,1725.0,96.95161523,1628.04838477
2024-11-29,2024-12-05,bull_put,2024-11-29 10:28:00,24050,25,24050,23650,115.1,7122.499999999999,0.9911392405063291,0.9491525423728814,24035.6,2024-12-02 15:16:00,TIME,1587.7499999999998,102.6014506965,1485.1485493034997
2024-12-03,2024-12-05,bull_put,2024-12-03 10:17:00,24350,25,24350,23950,103.89999999999999,7402.500000000001,0.8151898734177215,0.9559322033898305,24358.7,2024-12-04 15:16:00,TIME,1022.5,100.84957777000001,921.65042223
2024-12-05,2024-12-05,bear_call,2024-12-05 10:17:00,24400,25,24400,24800,117.84999999999998,7053.750000000001,0.12025316455696203,0.1694915254237288,24410.25,2024-12-05 15:16:00,TIME,-5147.500000000001,102.79295330999999,-5250.2929533100005
2024-12-06,2024-12-12,bull_put,2024-12-06 10:23:00,24700,25,24700,24300,132.79999999999998,6680.000000000001,0.9784810126582278,0.9220338983050848,24711.55,2024-12-09 15:16:00,TIME,-585.0000000000009,106.03754855000001,-691.0375485500009
2024-12-10,2024-12-12,bull_put,2024-12-10 10:16:00,24650,25,24650,24250,105.69999999999999,7357.5,0.8936708860759494,0.8813559322033898,24657.45,2024-12-11 15:16:00,TIME,1072.4999999999998,99.98844663500002,972.5115533649997
2024-12-12,2024-12-12,bull_put,2024-12-12 10:32:00,24600,25,24600,24200,29.89,9252.75,0.8354430379746836,0.888135593220339,24624.7,2024-12-12 15:16:00,TIME,-466.4999999999999,96.166203629,-562.6662036289999
2024-12-13,2024-12-19,bear_call,2024-12-13 10:16:00,24300,25,24300,24700,133.65,6658.750000000001,0.016455696202531647,0.023728813559322035,24315.7,2024-12-16 15:16:00,TIME,-3463.750000000001,111.08883500750001,-3574.838835007501
2024-12-17,2024-12-19,bear_call,2024-12-17 10:21:00,24450,25,24450,24850,121.29999999999998,6967.500000000001,0.0012658227848101266,0.003389830508474576,24456.25,2024-12-18 15:16:00,TIME,2654.9999999999995,101.151011085,2553.8489889149996
2024-12-19,2024-12-19,bull_put,2024-12-19 11:39:00,24000,25,24000,23600,43.400000000000006,8915.0,0.9962025316455696,0.9830508474576272,23996.6,2024-12-19 15:16:00,TIME,-164.99999999999986,96.65775301000001,-261.65775300999985
2024-12-27,2025-01-02,bear_call,2024-12-27 13:48:00,23850,75,23850,24250,145.49999999999997,19087.500000000004,0.1379746835443038,0.12337662337662338,23846.2,2024-12-30 15:16:00,TIME,6277.499999999998,116.302508525,6161.197491474998
2024-12-31,2025-01-02,bull_put,2024-12-31 10:16:00,23500,75,23500,23100,109.99999999999999,21750.0,0.9025316455696203,0.9152542372881356,23488.0,2025-01-01 15:16:00,TIME,5809.499999999998,110.13162336199998,5699.368376637998
2025-01-02,2025-01-02,bull_put,2025-01-02 10:20:00,23850,75,23850,23450,77.35,24198.75,0.9240506329113924,0.8033898305084746,23860.45,2025-01-02 15:16:00,TIME,5789.999999999999,103.83107975,5686.168920249999
2025-01-03,2025-01-09,bear_call,2025-01-03 10:29:00,24050,75,24050,24450,123.38999999999999,20745.75,0.10506329113924051,0.14576271186440679,24047.45,2025-01-06 15:16:00,TIME,6542.999999999998,115.40228188699999,6427.597718112998
2025-01-07,2025-01-09,bull_put,2025-01-07 10:30:00,23750,75,23750,23350,100.54999999999998,22458.750000000004,0.9443037974683545,0.8983050847457628,23758.85,2025-01-08 15:16:00,TIME,26.249999999999574,113.7203143475,-87.47031434750042
2025-01-09,2025-01-09,bear_call,2025-01-09 10:31:00,23600,75,23600,24000,34.150000000000006,27438.75,0.04177215189873418,0.006779661016949152,23613.95,2025-01-09 15:16:00,TIME,2557.5000000000005,98.34533144,2459.1546685600006
2025-01-10,2025-01-16,bull_put,2025-01-10 10:19:00,23400,75,23400,23000,121.85,20861.25,0.9316455696202531,0.9491525423728814,23402.15,2025-01-13 15:16:00,TIME,-7511.25,134.1860341475,-7645.4360341475
2025-01-14,2025-01-16,bear_call,2025-01-14 10:19:00,23150,75,23150,23550,99.55000000000001,22533.75,0.10506329113924051,0.030508474576271188,23136.55,2025-01-15 15:16:00,TIME,708.0000000000019,110.208966692,597.7910333080019
2025-01-16,2025-01-16,bear_call,2025-01-16 10:50:00,23300,75,23300,23700,16.94,28729.5,0.1240506329113924,0.09830508474576272,23298.05,2025-01-16 15:16:00,TIME,843.0000000000001,96.58937737699999,746.4106226230001
2025-01-17,2025-01-23,bull_put,2025-01-17 10:20:00,23200,75,23200,22800,101.89999999999999,22357.5,0.8556962025316456,0.8711864406779661,23215.05,2025-01-20 15:16:00,TIME,3232.4999999999995,115.12545824,3117.3745417599994
2025-01-21,2025-01-23,bear_call,2025-01-21 10:16:00,23250,75,23250,23650,129.75,20268.75,0.09746835443037975,0.12542372881355932,23250.55,2025-01-22 15:16:00,TIME,7560.0,113.20870886,7446.79129114
2025-01-23,2025-01-23,bear_call,2025-01-23 10:40:00,23250,75,23250,23650,21.5,28387.5,0.1911392405063291,0.11864406779661017,23226.15,2025-01-23 15:16:00,TIME,1601.25,96.80445266749999,1504.4455473325
2025-01-24,2025-01-30,bear_call,2025-01-24 10:19:00,23150,25,23150,23550,145.04999999999998,6373.75,0.08607594936708861,0.10508474576271186,23133.3,2025-01-27 15:16:00,TIME,2604.9999999999995,102.87196117000002,2502.1280388299997
2025-01-28,2025-01-30,bull_put,2025-01-28 10:23:00,22900,25,22900,22500,127.39999999999998,6815.000000000001,0.9,0.9728813559322034,22884.95,2025-01-29 15:16:00,TIME,1819.9999999999995,101.70113226999999,1718.2988677299995
2025-01-30,2025-01-30,bear_call,2025-01-30 10:16:00,23300,25,23300,23700,80.21,7994.750000000001,0.15443037974683543,0.09152542372881356,23278.75,2025-01-30 15:16:00,TIME,2000.2499999999998,97.3497962865,1902.9002037134999
2025-01-31,2025-02-06,bull_put,2025-01-31 10:16:00,23350,75,23350,22950,133.2,20010.0,0.8215189873417722,0.847457627118644,23348.65,2025-02-01 15:16:00,TIME,5268.75,133.3919146325,5135.3580853675
2025-02-03,2025-02-06,bear_call,2025-02-03 10:17:00,23250,75,23250,23650,133.48999999999998,19988.25,0.09367088607594937,0.1864406779661017,23249.75,2025-02-04 15:16:00,TIME,-15394.500000000002,139.438860257,-15533.938860257002
2025-02-05,2025-02-06,bull_put,2025-02-05 10:26:00,23750,75,23750,23350,74.75000000000001,24393.75,0.9025316455696203,0.9050847457627119,23757.05,2025-02-06 15:16:00,TIME,-6266.25,108.5700288425,-6374.8200288425
2025-02-07,2025-02-13,bear_call,2025-02-07 10:19:00,23550,75,23550,23950,142.04999999999998,19346.250000000004,0.0012658227848101266,0.013559322033898305,23536.5,2025-02-10 15:16:00,TIME,5332.499999999998,119.22536345,5213.274636549998
2025-02-11,2025-02-13,bull_put,2025-02-11 10:25:00,23300,75,23300,22900,107.5,21937.5,0.859493670886076,0.9525423728813559,23280.4,2025-02-12 15:16:00,TIME,-9029.249999999998,120.11610368449999,-9149.366103684499
2025-02-13,2025-02-13,bear_call,2025-02-13 10:22:00,23150,75,23150,23550,68.2,24885.0,0.08987341772151898,0.08135593220338982,23156.55,2025-02-13 15:16:00,TIME,5107.500000000001,101.81993454500001,5005.680065455001
2025-02-14,2025-02-20,bull_put,2025-02-14 10:18:00,23050,75,23050,22650,100.41,22469.250000000004,0.8556962025316456,0.8610169491525423,23074.15,2025-02-17 15:16:00,TIME,-2635.500000000001,120.67595886199999,-2756.1759588620007
2025-02-18,2025-02-20,bear_call,2025-02-18 10:19:00,22900,75,22900,23300,116.5,21262.5,0.18227848101265823,0.18305084745762712,22897.3,2025-02-19 15:16:00,TIME,1496.2500000000002,113.7988573925,1382.4511426075003
2025-02-20,2025-02-20,bull_put,2025-02-20 10:21:00,22900,75,22900,22500,44.900000000000006,26632.5,0.8708860759493671,0.8101694915254237,22890.7,2025-02-20 15:16:00,TIME,3352.5,99.39319941500001,3253.106800585
2025-02-21,2025-02-27,bull_put,2025-02-21 10:21:00,22800,75,22800,22400,116.69999999999999,21247.5,0.9911392405063291,1.0,22782.05,2025-02-24 15:16:00,TIME,-5062.5,123.65109224,-5186.15109224
2025-02-25,2025-02-27,bear_call,2025-02-25 10:19:00,22600,75,22600,23000,64.2,25185.0,0.07721518987341772,0.01694915254237288,22578.4,2025-02-27 15:16:00,TIME,4807.500000000001,101.841750665,4705.658249335001
2025-02-28,2025-03-06,bull_put,2025-02-28 10:22:00,22300,75,22300,21900,93.15,23013.75,0.9873417721518988,0.9694915254237289,22287.05,2025-03-03 15:16:00,TIME,-5358.750000000001,118.1707239125,-5476.920723912501
2025-03-04,2025-03-06,bull_put,2025-03-04 10:34:00,22050,75,22050,21650,71.21000000000001,24659.249999999996,0.8607594936708861,0.8440677966101695,22072.55,2025-03-05 15:16:00,TIME,4455.750000000001,103.7479632545,4352.002036745501
2025-03-06,2025-03-06,bull_put,2025-03-06 10:17:00,22350,75,22350,21950,51.1,26167.5,0.9860759493670886,0.9525423728813559,22357.55,2025-03-06 15:16:00,TIME,3828.7500000000005,100.03898521250002,3728.7110147875005
2025-03-07,2025-03-13,bull_put,2025-03-07 10:18:00,22600,75,22600,22200,99.29999999999998,22552.500000000004,0.9772151898734177,0.9796610169491525,22619.5,2025-03-10 15:16:00,TIME,-4912.500000000002,119.45030967499999,-5031.950309675002
2025-03-11,2025-03-13,bull_put,2025-03-11 10:24:00,22450,75,22450,22050,102.2,22335.0,0.920253164556962,0.8576271186440678,22432.25,2025-03-12 15:16:00,TIME,3746.250000000001,109.8357662675,3636.414233732501
2025-03-13,2025-03-13,bull_put,2025-03-13 10:16:00,22550,75,22550,22150,28.1,27892.5,0.850632911392405,0.847457627118644,22551.65,2025-03-13 15:16:00,TIME,-9183.750000000002,102.57476255750001,-9286.324762557502
2025-03-17,2025-03-20,bear_call,2025-03-17 10:28:00,22500,75,22500,22900,107.96000000000001,21902.999999999996,0.16835443037974684,0.1016949152542373,22478.95,2025-03-18 15:16:00,TIME,-14736.749999999998,126.64795385450003,-14863.397953854499
2025-03-19,2025-03-20,bull_put,2025-03-19 10:16:00,22900,75,22900,22500,70.5,24712.5,0.9759493670886076,0.9966101694915255,22879.1,2025-03-20 15:16:00,TIME,5276.25,103.0695053825,5173.1804946175
2025-03-21,2025-03-27,bull_put,2025-03-21 10:27:00,23300,75,23300,22900,109.1,21817.5,0.8759493670886076,0.9423728813559322,23276.05,2025-03-24 15:16:00,TIME,6752.999999999999,111.160884272,6641.839115727999
2025-03-25,2025-03-27,bull_put,2025-03-25 10:20:00,23800,75,23800,23400,98.45,22616.25,0.9443037974683545,0.8745762711864407,23798.2,2025-03-26 15:16:00,TIME,-11467.500000000002,121.88319620000001,-11589.383196200002
2025-03-27,2025-03-27,bull_put,2025-03-27 10:24:00,23600,75,23600,23200,22.65,28301.25,0.839240506329114,0.8440677966101695,23614.95,2025-03-27 15:16:00,TIME,1076.2499999999998,97.8116700725,978.4383299274998
2025-03-28,2025-04-03,bull_put,2025-03-28 10:20:00,23550,75,23550,23150,99.5,22537.5,0.8417721518987342,0.8338983050847457,23535.6,2025-04-01 15:16:00,TIME,-13113.750000000002,128.4362169725,-13242.186216972503
2025-04-02,2025-04-03,bull_put,2025-04-02 10:21:00,23250,75,23250,22850,68.65,24851.25,0.9025316455696203,0.8745762711864407,23254.0,2025-04-03 15:16:00,TIME,5126.250000000001,103.44990320750001,5022.800096792501
2025-04-04,2025-04-09,bull_put,2025-04-04 10:19:00,22950,75,22950,22550,103.85,22211.25,0.9455696202531646,0.9525423728813559,22974.0,2025-04-07 15:16:00,TIME,-15303.749999999995,187.4335825475,-15491.183582547495
2025-04-08,2025-04-09,bear_call,2025-04-08 10:17:00,22400,75,22400,22800,134.25,19931.25,0.08227848101265822,0.09491525423728814,22386.9,2025-04-09 15:16:00,TIME,9993.75,112.0919667125,9881.6580332875
2025-04-11,2025-04-17,bull_put,2025-04-11 10:16:00,22850,75,22850,22450,124.99999999999999,20625.0,0.8949367088607595,0.9457627118644067,22841.1,2025-04-15 15:16:00,TIME,8718.749999999998,122.84411636749999,8595.905883632498
2025-04-16,2025-04-17,bear_call,2025-04-16 10:16:00,23350,75,23350,23750,47.75,26418.75,0.16835443037974684,0.13898305084745763,23343.3,2025-04-17 15:16:00,TIME,-26283.750000000004,127.4795693675,-26411.229569367504
2025-04-21,2025-04-24,bear_call,2025-04-21 10:22:00,24000,75,24000,24400,125.14999999999999,20613.75,0.1759493670886076,0.1288135593220339,24020.05,2025-04-22 15:16:00,TIME,-4068.750000000001,122.6237301575,-4191.373730157501
2025-04-23,2025-04-24,bull_put,2025-04-23 10:20:00,24200,75,24200,23800,65.75,25068.75,0.9582278481012658,0.9050847457627119,24218.3,2025-04-24 15:16:00,TIME,4912.5,102.86868636499999,4809.631313635
2025-04-25,2025-04-30,bear_call,2025-04-25 10:17:00,24000,75,24000,24400,157.5,18187.5,0.10506329113924051,0.1288135593220339,24016.9,2025-04-28 15:16:00,TIME,-10733.250000000002,141.41722055449998,-10874.667220554502
2025-04-29,2025-04-30,bear_call,2025-04-29 10:20:00,24300,75,24300,24700,80.2,23985.0,0.09873417721518987,0.06779661016949153,24319.0,2025-04-30 15:16:00,TIME,1852.5000000000002,105.874235585,1746.6257644150003
2025-05-02,2025-05-08,bear_call,2025-05-02 10:16:00,24550,75,24550,24950,172.39999999999998,17070.0,0.13037974683544304,0.10238907849829351,24568.2,2025-05-05 15:16:00,TIME,8811.749999999998,123.0872121095,8688.662787890498
2025-05-06,2025-05-08,bear_call,2025-05-06 10:18:00,24400,75,24400,24800,61.190000000000005,25410.75,0.17974683544303796,0.17966101694915254,24384.15,2025-05-07 15:16:00,TIME,1288.5000000000005,103.91219707400002,1184.5878029260004
2025-05-08,2025-05-08,bull_put,2025-05-08 10:22:00,24400,75,24400,24000,24.849999999999998,28136.25,0.8810126582278481,0.9525423728813559,24405.0,2025-05-08 15:16:00,TIME,-5452.5,100.67906390000002,-5553.1790639
2025-05-09,2025-05-15,bear_call,2025-05-09 10:21:00,24050,75,24050,24450,169.64999999999998,17276.25,0.03291139240506329,0.17064846416382254,24031.5,2025-05-12 15:16:00,TIME,-14403.749999999996,214.59883271750002,-14618.348832717496
2025-05-13,2025-05-15,bull_put,2025-05-13 10:17:00,24800,75,24800,24400,138.31,19626.75,0.9493670886075949,0.911864406779661,24783.85,2025-05-14 15:16:00,TIME,-3985.500000000001,128.610103022,-4114.110103022001
2025-05-15,2025-05-15,bear_call,2025-05-15 10:21:00,24550,75,24550,24950,66.34,25024.499999999996,0.08607594936708861,0.1694915254237288,24540.15,2025-05-15 15:16:00,TIME,-24953.249999999993,130.7210503295,-25083.971050329492
2025-05-16,2025-05-22,bear_call,2025-05-16 10:24:00,25000,75,25000,25400,133.5,19987.5,0.07468354430379746,0.0576271186440678,24994.4,2025-05-19 15:16:00,TIME,2714.999999999999,123.44942189000001,2591.550578109999
2025-05-20,2025-05-22,bull_put,2025-05-20 10:23:00,24900,75,24900,24500,99.75,22518.75,0.8518987341772152,0.8271186440677966,24894.65,2025-05-21 15:16:00,TIME,-4383.750000000001,117.8837048675,-4501.633704867501
2025-05-22,2025-05-22,bull_put,2025-05-22 10:17:00,24600,75,24600,24200,47.010000000000005,26474.25,0.8873417721518987,0.8610169491525423,24611.15,2025-05-22 15:16:00,TIME,3402.0000000000005,99.74068474699999,3302.2593152530003
2025-05-23,2025-05-29,bear_call,2025-05-23 10:17:00,24800,75,24800,25200,160.81,17939.25,0.09240506329113925,0.14576271186440679,24796.5,2025-05-26 15:16:00,TIME,-4476.75,146.3618154245,-4623.1118154245
2025-05-27,2025-05-29,bear_call,2025-05-27 10:17:00,24750,75,24750,25150,147.7,18922.5,0.07721518987341772,0.1016949152542373,24755.65,2025-05-28 15:16:00,TIME,3656.25,126.0078368975,3530.2421631025
2025-05-29,2025-05-29,bear_call,2025-05-29 10:31:00,24750,75,24750,25150,56.61,25754.25,0.06835443037974684,0.0576271186440678,24762.45,2025-05-29 15:16:00,TIME,-1435.5,103.627022717,-1539.127022717
2025-05-30,2025-06-05,bear_call,2025-05-30 10:16:00,24800,75,24800,25200,138.75,19593.75,0.0759493670886076,0.020338983050847456,24777.5,2025-06-02 15:16:00,TIME,881.249999999999,130.60865566249998,750.641344337499
2025-06-03,2025-06-05,bull_put,2025-06-03 10:17:00,24650,75,24650,24250,135.7,19822.5,0.8582278481012658,0.8406779661016949,24672.25,2025-06-04 15:16:00,TIME,2981.249999999999,120.4448616425,2860.805138357499
2025-06-05,2025-06-05,bear_call,2025-06-05 10:19:00,24700,75,24700,25100,42.5,26812.5,0.14177215189873418,0.0847457627118644,24714.4,2025-06-05 15:16:00,TIME,-131.25,100.5793264775,-231.8293264775
2025-06-06,2025-06-12,bull_put,2025-06-06 10:23:00,24750,75,24750,24350,116.30000000000001,21277.5,0.9417721518987342,0.823728813559322,24762.2,2025-06-09 15:16:00,TIME,6806.250000000001,114.3803569625,6691.869643037501
2025-06-10,2025-06-12,bull_put,2025-06-10 10:16:00,25150,75,25150,24750,86.7,23497.5,0.8924050632911392,0.9186440677966101,25158.4,2025-06-11 15:16:00,TIME,1027.5000000000002,109.336324355,918.1636756450002
2025-06-12,2025-06-12,bear_call,2025-06-12 10:18:00,25100,75,25100,25500,39.150000000000006,27063.75,0.08227848101265822,0.1423728813559322,25086.9,2025-06-12 15:16:00,TIME,2928.7500000000005,98.80773364250001,2829.9422663575006
2025-06-13,2025-06-19,bull_put,2025-06-13 10:24:00,24650,75,24650,24250,122.35,20823.75,0.9278481012658227,0.8542372881355932,24651.6,2025-06-16 15:16:00,TIME,6690.0,121.354738505,6568.645261495
2025-06-17,2025-06-19,bull_put,2025-06-17 10:17:00,24850,75,24850,24450,82.7,23797.5,0.8962025316455696,0.9627118644067797,24867.4,2025-06-18 15:16:00,TIME,-1544.9999999999995,111.52561381999999,-1656.5256138199995
2025-06-19,2025-06-19,bear_call,2025-06-19 10:33:00,24800,75,24800,25200,49.9,26257.5,0.04050632911392405,0.04067796610169491,24816.85,2025-06-19 15:16:00,TIME,3600.0,100.07095731499999,3499.9290426850002
2025-06-20,2025-06-26,bull_put,2025-06-20 10:25:00,25000,75,25000,24600,108.69999999999999,21847.5,0.930379746835443,0.823728813559322,24978.95,2025-06-23 15:16:00,TIME,686.2499999999993,121.3744376075,564.8755623924993
2025-06-24,2025-06-26,bull_put,2025-06-24 10:18:00,25250,75,25250,24850,83.95,23703.75,0.8822784810126583,0.8508474576271187,25254.3,2025-06-25 15:16:00,TIME,1912.5000000000011,109.92589397,1802.574106030001
2025-06-26,2025-06-26,bear_call,2025-06-26 10:16:00,25400,75,25400,25800,68.75,24843.75,0.18354430379746836,0.15593220338983052,25393.35,2025-06-26 15:16:00,TIME,-5868.75,106.83170945749998,-5975.5817094574995
2025-06-27,2025-07-03,bull_put,2025-06-27 10:16:00,25600,75,25600,25200,112.95,21528.75,0.8987341772151899,0.9016949152542373,25576.35,2025-06-30 15:16:00,TIME,-1616.2500000000018,120.76664497249999,-1737.0166449725018
2025-07-01,2025-07-03,bear_call,2025-07-01 10:23:00,25500,75,25500,25900,117.84999999999998,21161.250000000004,0.06962025316455696,0.12203389830508475,25524.4,2025-07-02 15:16:00,TIME,5324.999999999998,110.81409092000001,5214.185909079998
2025-07-03,2025-07-03,bull_put,2025-07-03 10:26:00,25550,75,25550,25150,39.00000000000001,27075.0,0.9822784810126582,0.9491525423728814,25565.3,2025-07-03 15:16:00,TIME,-7616.250000000001,103.39077209749999,-7719.640772097501
2025-07-04,2025-07-10,bull_put,2025-07-04 10:24:00,25400,75,25400,25000,105.14999999999998,22113.75,0.9405063291139241,0.8271186440677966,25415.5,2025-07-07 15:16:00,TIME,2531.249999999999,113.7361404875,2417.513859512499
2025-07-08,2025-07-10,bull_put,2025-07-08 10:20:00,25450,75,25450,25050,74.60000000000001,24405.0,0.8949367088607595,0.9661016949152542,25459.95,2025-07-09 15:16:00,TIME,2527.500000000001,105.55326061999999,2421.946739380001
2025-07-10,2025-07-10,bear_call,2025-07-10 10:50:00,25400,75,25400,25800,52.1,26092.5,0.1291139240506329,0.16610169491525423,25403.55,2025-07-10 15:16:00,TIME,3896.25,100.19720980249998,3796.0527901975
2025-07-11,2025-07-17,bear_call,2025-07-11 10:20:00,25250,75,25250,25650,113.54999999999998,21483.750000000004,0.07341772151898734,0.07457627118644068,25239.55,2025-07-14 15:16:00,TIME,4859.999999999999,112.00378143499998,4747.996218564999
2025-07-15,2025-07-17,bear_call,2025-07-15 10:19:00,25100,75,25100,25500,92.65,23051.25,0.14936708860759493,0.03728813559322034,25113.75,2025-07-16 15:16:00,TIME,-3191.2499999999986,110.87009842249999,-3302.120098422499
2025-07-17,2025-07-17,bear_call,2025-07-17 10:31:00,25150,75,25150,25550,38.4,27120.0,0.017721518987341773,0.023728813559322035,25144.35,2025-07-17 15:16:00,TIME,2868.75,98.7228616025,2770.0271383975
2025-07-18,2025-07-24,bear_call,2025-07-18 10:16:00,25000,75,25000,25400,125.74999999999999,20568.75,0.06455696202531645,0.06779661016949153,24996.35,2025-07-21 15:16:00,TIME,-1027.5000000000023,118.32284451499999,-1145.8228445150023
2025-07-22,2025-07-24,bull_put,2025-07-22 10:22:00,25100,75,25100,24700,57.3,25702.5,0.8759493670886076,0.8711864406779661,25119.3,2025-07-23 15:16:00,TIME,3386.25,102.06919732250002,3284.1808026775
2025-07-24,2025-07-24,bull_put,2025-07-24 10:19:00,25150,75,25150,24750,17.65,28676.25,0.8468354430379746,0.8847457627118644,25165.3,2025-07-24 15:16:00,TIME,-4814.999999999999,99.14777408,-4914.147774079999
2025-07-25,2025-07-31,bear_call,2025-07-25 10:32:00,24850,75,24850,25250,119.04999999999998,21071.250000000004,0.11772151898734177,0.17288135593220338,24855.5,2025-07-28 15:16:00,TIME,5553.749999999999,113.4800912525,5440.269908747499
2025-07-29,2025-07-31,bear_call,2025-07-29 10:28:00,24650,75,24650,25050,85.75,23568.75,0.10253164556962026,0.04067796610169491,24635.0,2025-07-30 15:16:00,TIME,-10290.0,114.932029805,-10404.932029805
2025-07-31,2025-07-31,bull_put,2025-07-31 10:26:00,24700,75,24700,24300,57.0,25725.0,0.8848101265822785,0.8169491525423729,24686.75,2025-07-31 15:16:00,TIME,4248.75,100.83526313750001,4147.9147368625
2025-08-01,2025-08-07,bull_put,2025-08-01 10:21:00,24750,75,24750,24350,107.1,21967.5,0.8658227848101265,0.8779661016949153,24766.1,2025-08-04 15:16:00,TIME,322.4999999999998,116.53059626,205.9694037399998
2025-08-05,2025-08-07,bull_put,2025-08-05 10:19:00,24650,75,24650,24250,100.5,22462.5,0.879746835443038,0.847457627118644,24627.95,2025-08-06 15:16:00,TIME,-266.2499999999998,111.89134763749999,-378.14134763749973
2025-08-07,2025-08-07,bull_put,2025-08-07 10:19:00,24500,75,24500,24100,37.0,27225.0,0.8177215189873418,0.8372881355932204,24484.45,2025-08-07 15:16:00,TIME,2767.5,98.51689649000001,2668.98310351
2025-08-08,2025-08-14,bull_put,2025-08-08 10:27:00,24500,75,24500,24100,103.39999999999999,22245.0,0.9810126582278481,0.9661016949152542,24480.75,2025-08-11 15:16:00,TIME,3307.4999999999995,112.61026241,3194.8897375899996
2025-08-12,2025-08-14,bear_call,2025-08-12 10:20:00,24650,75,24650,25050,99.7,22522.5,0.17721518987341772,0.0711864406779661,24650.9,2025-08-13 15:16:00,TIME,3408.75,108.15229067750002,3300.5977093225
2025-08-14,2025-08-14,bull_put,2025-08-14 10:19:00,24650,75,24650,24250,50.6,26205.0,0.8025316455696202,0.8711864406779661,24636.8,2025-08-14 15:16:00,TIME,2025.0,100.76412686000002,1924.23587314
2025-08-18,2025-08-21,bear_call,2025-08-18 10:26:00,25000,75,25000,25400,115.94999999999999,21303.75,0.027848101265822784,0.17627118644067796,24979.7,2025-08-19 15:16:00,TIME,3217.4999999999995,112.30169521999998,3105.1983047799995
2025-08-20,2025-08-21,bear_call,2025-08-20 10:23:00,25000,75,25000,25400,62.15,25338.75,0.1518987341772152,0.11186440677966102,24990.65,2025-08-21 15:16:00,TIME,-1616.2500000000002,104.0559474875,-1720.3059474875001
2025-08-22,2025-08-28,bear_call,2025-08-22 10:17:00,24950,75,24950,25350,110.0,21750.0,0.09746835443037975,0.1423728813559322,24950.9,2025-08-25 15:16:00,TIME,1331.25,112.1432722625,1219.1067277375
2025-08-26,2025-08-28,bear_call,2025-08-26 10:16:00,24800,75,24800,25200,59.55,25533.75,0.060759493670886074,0.05084745762711865,24783.75,2025-08-28 15:16:00,TIME,4458.75,101.60637761749999,4357.1436223825
2025-08-29,2025-09-02,bull_put,2025-08-29 10:17:00,24500,75,24500,24100,81.95,23853.75,0.8734177215189873,0.9355932203389831,24483.25,2025-09-01 15:16:00,TIME,4901.25,105.3485716475,4795.9014283525
2025-09-02,2025-09-02,bear_call,2025-09-02 10:17:00,24750,75,24750,25150,31.600000000000005,27630.0,0.11392405063291139,0.1016949152542373,24726.1,2025-09-02 15:16:00,TIME,2362.5000000000005,97.895209685,2264.6047903150006
2025-09-03,2025-09-09,bear_call,2025-09-03 10:17:00,24600,75,24600,25000,111.4,21645.0,0.060759493670886074,0.14576271186440679,24591.35,2025-09-04 15:16:00,TIME,-4031.25,117.12048569749999,-4148.3704856975
2025-09-05,2025-09-09,bear_call,2025-09-05 10:22:00,24650,75,24650,25050,91.69999999999999,23122.5,0.043037974683544304,0.13559322033898305,24638.4,2025-09-08 15:16:00,TIME,-5370.000000000002,111.727082795,-5481.7270827950015
2025-09-09,2025-09-09,bear_call,2025-09-09 10:40:00,24800,75,24800,25200,52.150000000000006,26088.75,0.14810126582278482,0.09491525423728814,24819.1,2025-09-09 15:16:00,TIME,-1016.2499999999998,102.3600685625,-1118.6100685624997
2025-09-10,2025-09-16,bull_put,2025-09-10 10:26:00,25050,75,25050,24650,96.9,22732.5,0.8734177215189873,0.8847457627118644,25025.05,2025-09-11 15:16:00,TIME,1222.500000000001,112.02429921500001,1110.475700785001
2025-09-12,2025-09-16,bear_call,2025-09-12 10:19:00,25050,75,25050,25450,100.10000000000001,22492.5,0.1569620253164557,0.15593220338983052,25066.6,2025-09-15 15:16:00,TIME,1717.5000000000005,108.47884700000002,1609.0211530000004
2025-09-16,2025-09-16,bear_call,2025-09-16 10:25:00,25150,75,25150,25550,54.75,25893.75,0.1949367088607595,0.15254237288135594,25161.45,2025-09-16 15:16:00,TIME,-2355.0000000000005,103.206162635,-2458.2061626350005
2025-09-17,2025-09-23,bear_call,2025-09-17 10:16:00,25300,75,25300,25700,126.25,20531.25,0.0670886075949367,0.08813559322033898,25311.85,2025-09-18 15:16:00,TIME,-4590.000000000001,117.87081743000002,-4707.870817430001
2025-09-19,2025-09-23,bear_call,2025-09-19 10:17:00,25300,75,25300,25700,93.10000000000001,23017.5,0.10759493670886076,0.1864406779661017,25313.95,2025-09-22 15:16:00,TIME,5186.25,106.15606112750001,5080.0939388725
2025-09-23,2025-09-23,bear_call,2025-09-23 10:19:00,25150,75,25150,25550,35.95,27303.75,0.04050632911392405,0.13220338983050847,25132.45,2025-09-23 15:16:00,TIME,1121.2500000000002,99.2068815575,1022.0431184425003
2025-09-24,2025-09-30,bull_put,2025-09-24 10:18:00,25100,75,25100,24700,71.69999999999999,24622.5,0.8493670886075949,0.8203389830508474,25106.6,2025-09-25 15:16:00,TIME,-6273.750000000003,111.9196852475,-6385.6696852475025
2025-09-26,2025-09-30,bull_put,2025-09-26 11:58:00,24750,75,24750,24350,49.900000000000006,26257.5,0.8354430379746836,0.8333333333333334,24773.3,2025-09-29 15:16:00,TIME,-3209.9999999999986,104.33219023999999,-3314.3321902399985
2025-09-30,2025-09-30,bull_put,2025-09-30 10:19:00,24650,75,24650,24250,43.6,26730.0,0.8405063291139241,0.8033898305084746,24650.25,2025-09-30 15:16:00,TIME,292.50000000000045,100.572214325,191.92778567500045
2025-10-01,2025-10-07,bull_put,2025-10-01 10:31:00,24650,75,24650,24250,75.89999999999999,24307.5,0.9227848101265823,0.9457627118644067,24674.8,2025-10-03 15:16:00,TIME,4803.75,105.3291701675,4698.4208298325
2025-10-06,2025-10-07,bear_call,2025-10-06 10:30:00,24950,75,24950,25350,69.15,24813.75,0.17974683544303796,0.17966101694915254,24966.3,2025-10-07 15:16:00,TIME,-6461.25,107.13692488250001,-6568.3869248825
2025-10-08,2025-10-14,bear_call,2025-10-08 10:21:00,25150,75,25150,25550,102.5,22312.5,0.1379746835443038,0.1016949152542373,25131.8,2025-10-09 15:16:00,TIME,-746.2499999999991,111.4563739925,-857.706373992499
2025-10-10,2025-10-14,bull_put,2025-10-10 10:16:00,25250,75,25250,24850,50.35000000000001,26223.75,0.8556962025316456,0.8610169491525423,25268.7,2025-10-13 15:16:00,TIME,-127.49999999999915,103.12923030500001,-230.62923030499917
2025-10-14,2025-10-14,bear_call,2025-10-14 10:18:00,25200,75,25200,25600,51.15,26163.75,0.10379746835443038,0.14576271186440679,25179.4,2025-10-14 15:16:00,TIME,3828.75,100.12961477749998,3728.6203852225
2025-10-15,2025-10-20,bull_put,2025-10-15 10:16:00,25250,75,25250,24850,66.80000000000001,24990.0,0.9329113924050633,0.8677966101694915,25254.8,2025-10-16 15:16:00,TIME,4155.000000000001,104.71126595000001,4050.288734050001
2025-10-17,2025-10-20,bull_put,2025-10-17 10:18:00,25700,75,25700,25300,77.85,24161.25,0.9405063291139241,0.8508474576271187,25683.95,2025-10-20 15:16:00,TIME,5831.25,104.4959502125,5726.7540497875
2025-10-21,2025-10-28,bear_call,2025-10-21 13:52:00,25900,75,25900,26300,129.59999999999997,20280.000000000004,0.015286624203821656,0.12542372881355932,25879.15,2025-10-23 15:16:00,TIME,-356.25000000000216,118.33816879249997,-474.58816879250213
2025-10-24,2025-10-28,bull_put,2025-10-24 10:34:00,25850,75,25850,25450,79.5,24037.5,0.8687898089171975,0.8813559322033898,25834.5,2025-10-27 15:16:00,TIME,4447.5,106.14982837999999,4341.35017162
2025-10-28,2025-10-28,bear_call,2025-10-28 10:32:00,25900,75,25900,26300,57.2,25710.0,0.11645569620253164,0.15593220338983052,25883.75,2025-10-28 15:16:00,TIME,1237.5000000000005,102.243581195,1135.2564188050005
2025-10-29,2025-11-04,bull_put,2025-10-29 10:24:00,26000,75,26000,25600,86.45,23516.25,0.910126582278481,0.8677966101694915,26015.55,2025-10-30 15:16:00,TIME,-3262.500000000001,114.450267515,-3376.950267515001
2025-10-31,2025-11-04,bear_call,2025-10-31 10:16:00,25850,75,25850,26250,120.6,20955.0,0.0670886075949367,0.13220338983050847,25856.65,2025-11-03 15:16:00,TIME,5913.75,111.20072149250001,5802.5492785075
2025-11-04,2025-11-04,bear_call,2025-11-04 10:16:00,25700,75,25700,26100,36.35,27273.75,0.06582278481012659,0.023728813559322035,25677.55,2025-11-04 15:16:00,TIME,2722.5000000000005,98.58570105500002,2623.9142989450006
2025-11-06,2025-11-11,bear_call,2025-11-06 10:38:00,25550,75,25550,25950,108.85,21836.25,0.12025316455696203,0.19661016949152543,25525.25,2025-11-07 15:16:00,TIME,2426.2499999999995,111.5658779675,2314.6841220324995
2025-11-10,2025-11-11,bull_put,2025-11-10 10:16:00,25600,75,25600,25200,64.95,25128.75,0.9481012658227848,0.9288135593220339,25583.75,2025-11-11 15:16:00,TIME,4863.750000000001,101.89343218249998,4761.856567817501
2025-11-12,2025-11-18,bear_call,2025-11-12 10:22:00,25850,75,25850,26250,131.89999999999998,20107.5,0.08987341772151898,0.15254237288135594,25836.85,2025-11-13 15:16:00,TIME,-1425.000000000002,120.751342895,-1545.751342895002
2025-11-14,2025-11-18,bull_put,2025-11-14 10:19:00,25800,75,25800,25400,91.8,23115.0,0.950632911392405,0.8745762711864407,25799.75,2025-11-17 15:16:00,TIME,6138.75,107.37791767249999,6031.3720823275
2025-11-18,2025-11-18,bull_put,2025-11-18 10:20:00,25900,75,25900,25500,43.85,26711.25,0.859493670886076,0.9084745762711864,25908.15,2025-11-18 15:16:00,TIME,3258.75,99.2675583575,3159.4824416425
2025-11-19,2025-11-25,bull_put,2025-11-19 10:34:00,26000,75,26000,25600,112.89999999999999,21532.5,0.8734177215189873,0.8169491525423729,25976.1,2025-11-20 15:16:00,TIME,5666.25,113.15122097749999,5553.0987790225
2025-11-21,2025-11-25,bear_call,2025-11-21 10:17:00,26100,75,26100,26500,100.95,22428.75,0.11265822784810127,0.19322033898305085,26080.75,2025-11-24 15:16:00,TIME,5212.5,107.95698341,5104.54301659
2025-11-25,2025-11-25,bear_call,2025-11-25 10:36:00,26000,75,26000,26400,49.1,26317.5,0.09620253164556962,0.0847457627118644,25998.0,2025-11-25 15:16:00,TIME,3671.25,99.7813385825,3571.4686614175
2025-11-26,2025-12-02,bull_put,2025-11-26 10:34:00,26100,75,26100,25700,97.0,22725.0,0.9113924050632911,0.8813559322033898,26083.5,2025-11-27 15:16:00,TIME,3660.0000000000005,110.57822933,3549.4217706700006
2025-11-28,2025-12-02,bull_put,2025-11-28 10:31:00,26250,75,26250,25850,77.85000000000001,24161.25,0.8936708860759494,0.8542372881355932,26241.0,2025-12-01 15:16:00,TIME,-1259.9999999999986,107.83648257499999,-1367.8364825749986
2025-12-02,2025-12-02,bull_put,2025-12-02 10:21:00,26050,75,26050,25650,33.4,27495.0,0.8215189873417722,0.8542372881355932,26065.35,2025-12-02 15:16:00,TIME,712.5,98.865721955,613.634278045
2025-12-03,2025-12-09,bull_put,2025-12-03 10:22:00,25950,75,25950,25550,102.7,22297.5,0.8645569620253165,0.8847457627118644,25931.4,2025-12-04 15:16:00,TIME,3960.0000000000005,110.69584331,3849.3041566900006
2025-12-05,2025-12-09,bull_put,2025-12-05 10:16:00,26100,75,26100,25700,65.7,25072.5,0.9253164556962026,0.8779661016949153,26086.05,2025-12-08 15:16:00,TIME,-7455.000000000002,108.42920415500001,-7563.429204155002
2025-12-09,2025-12-09,bull_put,2025-12-09 10:17:00,25800,75,25800,25400,41.95,26853.75,0.9607594936708861,0.9593220338983051,25804.8,2025-12-09 15:16:00,TIME,3138.75,99.06992825750002,3039.6800717425
2025-12-10,2025-12-16,bull_put,2025-12-10 10:16:00,25950,75,25950,25550,97.95,22653.75,0.8721518987341772,0.8542372881355932,25930.15,2025-12-11 15:16:00,TIME,-266.2499999999998,112.4839255625,-378.7339255624998
2025-12-12,2025-12-16,bull_put,2025-12-12 10:16:00,26000,75,26000,25600,67.7,24922.5,0.9683544303797469,0.9864406779661017,26004.5,2025-12-15 15:16:00,TIME,1841.250000000001,104.5476791375,1736.702320862501
2025-12-16,2025-12-16,bull_put,2025-12-16 10:18:00,25900,75,25900,25500,40.150000000000006,26988.75,0.9265822784810127,0.9186440677966101,25901.2,2025-12-16 15:16:00,TIME,393.7500000000005,99.97645636249999,293.77354363750055
2025-12-17,2025-12-23,bear_call,2025-12-17 10:25:00,25850,75,25850,26250,109.7,21772.5,0.035443037974683546,0.12203389830508475,25826.4,2025-12-18 15:16:00,TIME,1698.7500000000005,112.27968073250001,1586.4703192675004
2025-12-19,2025-12-23,bull_put,2025-12-19 10:18:00,25950,75,25950,25550,74.95,24378.75,0.8063291139240506,0.8135593220338984,25946.6,2025-12-22 15:16:00,TIME,5163.750000000001,104.01883960250001,5059.731160397501
2025-12-23,2025-12-23,bear_call,2025-12-23 10:16:00,26200,75,26200,26600,27.5,27937.5,0.1379746835443038,0.17627118644067796,26182.5,2025-12-23 15:16:00,TIME,2055.0,97.425382955,1957.574617045
2025-12-24,2025-12-30,bear_call,2025-12-24 10:39:00,26200,75,26200,26600,112.4,21570.0,0.1,0.07796610169491526,26221.8,2025-12-26 15:16:00,TIME,7005.0,108.32439755,6896.67560245
2025-12-29,2025-12-30,bear_call,2025-12-29 10:17:00,26050,75,26050,26450,43.0,26775.0,0.12531645569620253,0.1288135593220339,26029.3,2025-12-30 15:16:00,TIME,3217.5,99.230123345,3118.269876655
2025-12-31,2026-01-06,bull_put,2025-12-31 10:16:00,26000,65,26000,25600,69.85,21459.75,0.8835443037974684,0.8338983050847457,26004.05,2026-01-01 15:16:00,TIME,3006.2499999999995,102.8939064795,2903.3560935204996
2026-01-02,2026-01-06,bear_call,2026-01-02 10:22:00,26250,65,26250,26650,85.85000000000001,20419.75,0.12151898734177215,0.1694915254237288,26252.3,2026-01-05 15:16:00,TIME,3276.0000000000005,103.873632155,3172.1263678450005
2026-01-06,2026-01-06,bear_call,2026-01-06 10:20:00,26250,65,26250,26650,27.249999999999996,24228.75,0.10632911392405063,0.09830508474576272,26231.5,2026-01-06 15:16:00,TIME,1764.7499999999998,96.98692844150001,1667.7630715584999
2026-01-07,2026-01-13,bull_put,2026-01-07 10:16:00,26200,65,26200,25800,86.3,20390.5,0.9759493670886076,1.0,26183.8,2026-01-08 15:16:00,TIME,-10432.5,116.855373434,-10549.355373434
2026-01-09,2026-01-13,bull_put,2026-01-09 10:23:00,25900,65,25900,25500,76.25,21043.75,0.8848101265822785,0.9186440677966101,25875.2,2026-01-12 15:16:00,TIME,-2730.0,107.111448633,-2837.111448633
2026-01-13,2026-01-13,bear_call,2026-01-13 10:17:00,25750,65,25750,26150,47.050000000000004,22941.75,0.17088607594936708,0.14576271186440679,25739.15,2026-01-13 15:16:00,TIME,3022.5000000000005,99.037947275,2923.4620527250004
2026-01-14,2026-01-20,bear_call,2026-01-14 10:19:00,25700,65,25700,26100,111.89999999999999,18726.5,0.09240506329113925,0.15254237288135594,25678.3,2026-01-16 15:16:00,TIME,542.7499999999997,111.40855637650002,431.34144362349963
2026-01-19,2026-01-20,bull_put,2026-01-19 10:21:00,25550,65,25550,25150,77.50000000000001,20962.5,0.8367088607594937,0.8847457627118644,25544.95,2026-01-20 15:16:00,TIME,-14836.25,111.0188474465,-14947.2688474465
2026-01-21,2026-01-27,bear_call,2026-01-21 10:23:00,25100,65,25100,25500,152.75,16071.25,0.0379746835443038,0.1694915254237288,25124.35,2026-01-22 15:16:00,TIME,-5619.250000000001,127.4582369975,-5746.7082369975005
2026-01-23,2026-01-27,bear_call,2026-01-23 10:19:00,25250,65,25250,25650,115.59999999999998,18486.000000000004,0.07215189873417721,0.0576271186440678,25254.25,2026-01-27 15:16:00,TIME,7494.499999999999,106.54796963899999,7387.952030360999
2026-01-28,2026-02-03,bull_put,2026-01-28 10:24:00,25300,65,25300,24900,132.10000000000002,17413.5,0.9367088607594937,0.9288135593220339,25276.1,2026-01-29 15:16:00,TIME,3311.750000000002,125.36715682450001,3186.382843175502
2026-01-30,2026-02-03,bear_call,2026-01-30 10:21:00,25300,65,25300,25700,135.45,17195.75,0.08860759493670886,0.04745762711864407,25291.25,2026-02-01 15:16:00,TIME,7679.749999999998,115.84880067850003,7563.901199321498
2026-02-02,2026-02-03,bull_put,2026-02-02 10:28:00,24850,65,24850,24450,102.45,19340.75,0.9544303797468354,0.9389830508474576,24848.25,2026-02-03 15:16:00,TIME,6656.0,107.126138412,6548.873861588
2026-02-04,2026-02-10,bear_call,2026-02-04 10:20:00,25750,65,25750,26150,137.05,17091.75,0.1189873417721519,0.10847457627118644,25757.35,2026-02-05 15:16:00,TIME,4078.750000000001,116.7003632085,3962.049636791501
2026-02-06,2026-02-10,bull_put,2026-02-06 10:19:00,25550,65,25550,25150,90.30000000000001,20130.5,0.9924050632911392,0.9932203389830508,25551.7,2026-02-09 15:16:00,TIME,5385.250000000001,105.81197701149999,5279.438022988501
2026-02-10,2026-02-10,bull_put,2026-02-10 10:17:00,25950,65,25950,25550,34.4,23764.0,0.8924050632911392,0.9627118644067797,25963.65,2026-02-10 15:16:00,TIME,1416.9999999999998,98.33782539799999,1318.6621746019998
2026-02-11,2026-02-17,bull_put,2026-02-11 10:19:00,25950,65,25950,25550,85.55,20439.25,0.9987341772151899,0.9050847457627119,25948.5,2026-02-12 15:16:00,TIME,-3883.750000000001,112.72979523049999,-3996.4797952305007
2026-02-13,2026-02-17,bear_call,2026-02-13 10:18:00,25500,65,25500,25900,121.05,18131.75,0.016455696202531647,0.07457627118644068,25516.45,2026-02-16 15:16:00,TIME,-4829.500000000002,115.965771747,-4945.465771747002
2026-02-17,2026-02-17,bull_put,2026-02-17 10:20:00,25700,65,25700,25300,52.800000000000004,22568.0,0.8037974683544303,0.8745762711864407,25690.7,2026-02-17 15:16:00,TIME,3425.5,99.54758476699999,3325.952415233
2026-02-18,2026-02-24,bear_call,2026-02-18 10:18:00,25650,65,25650,26050,123.74999999999999,17956.25,0.053164556962025315,0.07457627118644068,25650.5,2026-02-19 15:16:00,TIME,4735.25,112.5960429365,4622.6539570635
2026-02-20,2026-02-24,bull_put,2026-02-20 10:17:00,25500,65,25500,25100,87.15,20335.25,0.9329113924050633,0.9084745762711864,25517.6,2026-02-23 15:16:00,TIME,4530.5,108.058911487,4422.441088513
2026-02-24,2026-02-24,bear_call,2026-02-24 10:18:00,25500,65,25500,25900,44.4,23114.0,0.14936708860759493,0.10508474576271186,25478.0,2026-02-24 15:16:00,TIME,2879.5,98.775249203,2780.724750797
2026-02-25,2026-03-02,bull_put,2026-02-25 10:17:00,25650,65,25650,25250,89.35,20192.25,0.9481012658227848,0.9016949152542373,25644.7,2026-02-26 15:16:00,TIME,-4530.500000000001,116.140996602,-4646.640996602001
2026-02-27,2026-03-02,bear_call,2026-02-27 10:17:00,25300,65,25300,25700,105.9,19116.5,0.09240506329113925,0.06440677966101695,25309.55,2026-03-02 15:16:00,TIME,6873.75,105.9115764985,6767.8384235015
2026-03-04,2026-03-10,bear_call,2026-03-04 10:20:00,24400,65,24400,24800,187.64999999999998,13802.750000000002,0.09240506329113925,0.1864406779661017,24387.0,2026-03-05 15:16:00,TIME,-4813.250000000005,157.4789727815,-4970.728972781504
2026-03-06,2026-03-10,bear_call,2026-03-06 10:31:00,24650,65,24650,25050,150.3,16230.5,0.03417721518987342,0.03728813559322034,24634.8,2026-03-09 15:16:00,TIME,8700.250000000002,115.99935083150002,8584.250649168502
2026-03-10,2026-03-10,bull_put,2026-03-10 10:16:00,24200,65,24200,23800,77.05000000000001,20991.75,0.9746835443037974,0.9898305084745763,24187.75,2026-03-10 15:16:00,TIME,4998.5,102.32246611,4896.17753389
2026-03-11,2026-03-17,bear_call,2026-03-11 10:36:00,24100,65,24100,24500,175.60000000000002,14585.999999999998,0.04177215189873418,0.030508474576271188,24097.4,2026-03-12 15:16:00,TIME,7562.750000000002,129.2837769215,7433.466223078502
2026-03-13,2026-03-17,bull_put,2026-03-13 10:29:00,23350,65,23350,22950,132.0,17420.0,0.9405063291139241,0.9355932203389831,23346.5,2026-03-16 15:16:00,TIME,2411.4999999999995,126.534678875,2284.9653211249997
2026-03-17,2026-03-17,bull_put,2026-03-17 10:23:00,23550,65,23550,23150,61.0,22035.0,0.879746835443038,0.8440677966101695,23572.65,2026-03-17 15:16:00,TIME,3958.5,100.591545997,3857.908454003
2026-03-18,2026-03-24,bull_put,2026-03-18 10:16:00,23650,65,23650,23250,116.69999999999997,18414.5,0.8683544303797468,0.8169491525423729,23673.75,2026-03-19 15:16:00,TIME,-11888.499999999998,174.52673723599997,-12063.026737235998
2026-03-20,2026-03-24,bear_call,2026-03-20 10:18:00,23200,65,23200,23600,169.14999999999998,15005.250000000002,0.11392405063291139,0.08135593220338982,23224.95,2026-03-23 15:16:00,TIME,10039.25,122.9565835555,9916.2934164445
2026-03-24,2026-03-24,bull_put,2026-03-24 10:17:00,22750,65,22750,22350,97.35000000000001,19672.25,0.9569620253164557,0.8203389830508474,22728.2,2026-03-24 15:16:00,TIME,6321.250000000001,104.1874989875,6217.062501012501
2026-03-25,2026-03-30,bear_call,2026-03-25 10:24:00,23300,65,23300,23700,168.85,15024.75,0.19240506329113924,0.17288135593220338,23288.1,2026-03-27 15:16:00,TIME,8667.75,126.9497656965,8540.8002343035
2026-03-30,2026-03-30,bull_put,2026-03-30 10:39:00,22550,65,22550,22150,91.80000000000001,20033.0,0.9139240506329114,0.8406779661016949,22546.3,2026-03-30 15:16:00,TIME,-8524.75,109.9109649565,-8634.6609649565
2026-04-01,2026-04-07,bear_call,2026-04-01 10:25:00,22850,65,22850,23250,169.75,14966.25,0.030379746835443037,0.18983050847457628,22828.35,2026-04-02 15:16:00,TIME,1985.7499999999989,139.9739816285,1845.7760183714988
2026-04-06,2026-04-07,bull_put,2026-04-06 10:16:00,22650,65,22650,22250,129.59999999999997,17576.000000000004,0.9721518987341772,0.8949152542372881,22654.6,2026-04-07 15:16:00,TIME,8417.499999999998,114.898522707,8302.601477292998
2026-04-08,2026-04-13,bull_put,2026-04-08 10:21:00,23900,65,23900,23500,132.64999999999998,17377.75,0.8316455696202532,0.8338983050847457,23902.0,2026-04-09 15:16:00,TIME,-1391.0000000000023,133.155267746,-1524.1552677460022
2026-04-10,2026-04-13,bull_put,2026-04-10 10:20:00,24000,65,24000,23600,108.25,18963.75,0.8379746835443038,0.8067796610169492,24014.15,2026-04-13 15:16:00,TIME,-3519.7500000000005,113.4803224755,-3633.2303224755005
2026-04-15,2026-04-21,bear_call,2026-04-15 10:37:00,24250,65,24250,24650,160.05,15596.75,0.15949367088607594,0.16610169491525423,24248.55,2026-04-16 15:16:00,TIME,2460.2500000000014,125.20794210649998,2335.0420578935014
2026-04-17,2026-04-21,bull_put,2026-04-17 10:16:00,24300,65,24300,23900,126.35,17787.25,0.9670886075949368,0.9491525423728814,24284.9,2026-04-20 15:16:00,TIME,2252.2499999999995,118.00170421049998,2134.2482957894995
2026-04-21,2026-04-21,bear_call,2026-04-21 10:21:00,24500,65,24500,24900,55.400000000000006,22399.0,0.07848101265822785,0.09830508474576272,24500.5,2026-04-21 15:16:00,TIME,-1244.7499999999995,101.7747189555,-1346.5247189554996
2026-04-22,2026-04-28,bear_call,2026-04-22 10:22:00,24350,65,24350,24750,149.25,16298.75,0.10379746835443038,0.19661016949152543,24364.1,2026-04-23 15:16:00,TIME,4494.75,123.36703217850001,4371.3829678215
2026-04-24,2026-04-28,bear_call,2026-04-24 10:25:00,23950,65,23950,24350,131.45,17455.75,0.05949367088607595,0.07796610169491526,23943.9,2026-04-27 15:16:00,TIME,-3610.750000000001,120.61404902349999,-3731.3640490235007
2026-04-28,2026-04-28,bull_put,2026-04-28 10:23:00,24150,65,24150,23750,35.15,23715.25,0.8379746835443038,0.8542372881355932,24173.1,2026-04-28 15:16:00,TIME,-8846.5,102.76133477399999,-8949.261334774
2026-04-29,2026-05-05,bull_put,2026-04-29 10:21:00,24250,65,24250,23850,111.69999999999999,18739.5,0.9392405063291139,0.8576271186440678,24265.35,2026-04-30 15:16:00,TIME,-5694.000000000002,130.627248863,-5824.627248863002
2026-05-04,2026-05-05,bear_call,2026-05-04 10:23:00,24150,65,24150,24550,123.64999999999999,17962.75,0.15569620253164557,0.18305084745762712,24152.3,2026-05-05 15:16:00,TIME,8030.75,108.61157923249999,7922.1384207675
2026-05-06,2026-05-12,bull_put,2026-05-06 10:22:00,24150,65,24150,23750,114.94999999999999,18528.25,0.9468354430379747,0.8915254237288136,24153.95,2026-05-07 15:16:00,TIME,3236.999999999999,115.249874461,3121.750125538999
2026-05-08,2026-05-12,bull_put,2026-05-08 10:24:00,24250,65,24250,23850,122.69999999999999,18024.5,0.959493670886076,0.847457627118644,24230.25,2026-05-11 15:16:00,TIME,-11735.75,130.1530613245,-11865.9030613245
2026-05-12,2026-05-12,bull_put,2026-05-12 10:18:00,23650,65,23650,23250,44.0,23140.0,0.9721518987341772,0.9830508474576272,23666.7,2026-05-12 15:16:00,TIME,-15206.750000000004,106.63998510149999,-15313.389985101503
2026-05-13,2026-05-19,bull_put,2026-05-13 10:17:00,23400,65,23400,23000,121.75,18086.25,0.9898734177215189,0.911864406779661,23422.1,2026-05-14 15:16:00,TIME,4293.25,120.7135509455,4172.5364490545
2026-05-15,2026-05-19,bull_put,2026-05-15 10:23:00,23800,65,23800,23400,117.39999999999999,18369.0,0.8202531645569621,0.8677966101694915,23814.25,2026-05-18 15:16:00,TIME,-4062.500000000001,121.61240743000002,-4184.1124074300005
2026-05-19,2026-05-19,bear_call,2026-05-19 10:20:00,23750,65,23750,24150,41.050000000000004,23331.75,0.07468354430379746,0.1288135593220339,23725.7,2026-05-19 15:16:00,TIME,2661.75,98.2920172655,2563.4579827345
2026-05-20,2026-05-26,bear_call,2026-05-20 10:24:00,23500,65,23500,23900,139.15,16955.25,0.05822784810126582,0.0576271186440678,23481.65,2026-05-21 15:16:00,TIME,-2268.5000000000005,128.21632790900003,-2396.7163279090005
2026-05-22,2026-05-26,bear_call,2026-05-22 10:17:00,23800,65,23800,24200,123.24999999999999,17988.75,0.16582278481012658,0.0711864406779661,23778.95,2026-05-25 15:16:00,TIME,-7075.250000000001,119.1210676245,-7194.371067624501
2026-05-26,2026-05-26,bear_call,2026-05-26 10:21:00,24050,65,24050,24450,48.00000000000001,22880.0,0.10379746835443038,0.12542372881355932,24051.0,2026-05-26 15:16:00,TIME,3113.5000000000005,98.93103299999999,3014.5689670000006
2026-05-27,2026-06-02,bull_put,2026-05-27 10:18:00,23950,65,23950,23550,110.74999999999997,18801.25,0.9582278481012658,0.864406779661017,23953.75,2026-05-29 15:16:00,TIME,-5209.750000000002,121.0348442815,-5330.784844281502
2026-06-01,2026-06-02,bear_call,2026-06-01 10:28:00,23550,65,23550,23950,104.0,19240.0,0.060759493670886074,0.07457627118644068,23539.4,2026-06-02 15:16:00,TIME,6753.5,105.765646669,6647.734353331
2026-06-03,2026-06-09,bull_put,2026-06-03 10:19:00,23250,65,23250,22850,124.64999999999999,17897.75,0.8886075949367088,0.8406779661016949,23257.8,2026-06-04 15:16:00,TIME,4572.75,116.01553164550002,4456.7344683545
2026-06-05,2026-06-09,bull_put,2026-06-05 10:26:00,23500,65,23500,23100,106.99999999999997,19045.0,0.8746835443037975,0.9220338983050848,23495.3,2026-06-08 15:16:00,TIME,-12161.500000000004,125.708129918,-12287.208129918004
2026-06-09,2026-06-09,bear_call,2026-06-09 10:23:00,23150,65,23150,23550,58.45,22200.75,0.18354430379746836,0.16271186440677965,23156.1,2026-06-09 15:16:00,TIME,-2245.75,102.66680334349999,-2348.4168033435
2026-06-10,2026-06-16,bull_put,2026-06-10 10:36:00,23350,65,23350,22950,123.6,17966.0,0.9607594936708861,0.8576271186440678,23344.1,2026-06-11 15:16:00,TIME,-4121.0,125.21525950099999,-4246.215259501
2026-06-12,2026-06-16,bull_put,2026-06-12 10:23:00,23350,65,23350,22950,104.6,19201.0,0.8734177215189873,0.8440677966101695,23348.85,2026-06-15 15:16:00,TIME,6623.499999999999,107.40039052000002,6516.099609479999
2026-06-16,2026-06-16,bull_put,2026-06-16 10:16:00,23900,65,23900,23500,40.85,23344.75,0.8227848101265823,0.8169491525423729,23911.05,2026-06-16 15:16:00,TIME,2648.75,98.30988014950002,2550.4401198505
2026-06-17,2026-06-23,bull_put,2026-06-17 10:20:00,24050,65,24050,23650,119.35,18242.25,0.9518987341772152,0.9186440677966101,24066.95,2026-06-18 15:16:00,TIME,4286.75,112.8860460005,4173.8639539995
2026-06-19,2026-06-23,bear_call,2026-06-19 10:50:00,23950,65,23950,24350,116.19999999999997,18447.0,0.09746835443037975,0.1694915254237288,23957.4,2026-06-22 15:16:00,TIME,-4400.500000000002,113.98664324500001,-4514.486643245002
2026-06-23,2026-06-23,bear_call,2026-06-23 10:18:00,24100,65,24100,24500,45.0,23075.0,0.17088607594936708,0.15932203389830507,24115.95,2026-06-23 15:16:00,TIME,2918.5,98.63103098599998,2819.868969014
2026-06-24,2026-06-30,bull_put,2026-06-24 10:25:00,23950,65,23950,23550,117.64999999999999,18352.75,0.9873417721518988,0.8169491525423729,23945.8,2026-06-25 15:16:00,TIME,4813.249999999999,111.9088364165,4701.341163583499
2026-06-29,2026-06-30,bull_put,2026-06-29 10:23:00,24100,65,24100,23700,81.85,20679.75,0.9632911392405064,0.9966101694915255,24085.95,2026-06-30 15:16:00,TIME,-9646.000000000002,109.55143882200001,-9755.551438822002
2026-07-01,2026-07-07,bull_put,2026-07-01 10:18:00,24000,65,24000,23600,113.30000000000001,18635.5,0.8924050632911392,0.8440677966101695,23996.1,2026-07-02 15:16:00,TIME,4819.75,110.8244341365,4708.9255658635
2026-07-03,2026-07-07,bear_call,2026-07-03 10:17:00,24300,65,24300,24700,112.80000000000001,18668.0,0.06835443037974684,0.06440677966101695,24322.7,2026-07-06 15:16:00,TIME,-1309.7500000000005,109.89381283450001,-1419.6438128345005
2026-07-07,2026-07-07,bull_put,2026-07-07 10:22:00,24500,65,24500,24100,41.05,23331.75,0.8265822784810126,0.8542372881355932,24498.95,2026-07-07 15:16:00,TIME,-3354.0000000000005,101.12331392200001,-3455.1233139220003
2026-07-08,2026-07-14,bear_call,2026-07-08 10:16:00,24250,65,24250,24650,105.0,19175.0,0.03164556962025317,0.1423728813559322,24232.05,2026-07-09 15:16:00,TIME,4813.250000000001,108.1869822805,4705.063017719501
2026-07-10,2026-07-14,bear_call,2026-07-10 10:31:00,24200,65,24200,24600,101.0,19435.0,0.14050632911392405,0.07796610169491526,24195.1,2026-07-13 15:16:00,TIME,1563.2499999999998,107.28743303249999,1455.9625669674997
2026-07-14,2026-07-14,bear_call,2026-07-14 10:16:00,24100,65,24100,24500,37.50000000000001,23562.5,0.07215189873417721,0.10847457627118644,24080.65,2026-07-14 15:16:00,TIME,2431.0000000000005,97.983739458,2333.0162605420005
2026-07-15,2026-07-21,bull_put,2026-07-15 10:17:00,24200,65,24200,23800,114.75,18541.25,0.8582278481012658,0.8677966101694915,24205.4,2026-07-16 15:16:00,TIME,-2746.25,118.7736343695,-2865.0236343695
2026-07-22,2026-07-28,bear_call,2026-07-22 13:50:00,24000,65,24000,24400,115.1,18518.5,0.08987341772151898,0.09615384615384616,23981.6,2026-07-23 15:16:00,TIME,3347.5,111.660158448,3235.839841552
2026-07-24,2026-07-28,bull_put,2026-07-24 10:40:00,23650,65,23650,23250,96.30000000000001,19740.5,0.9620253164556962,0.9355932203389831,23637.15,2026-07-27 15:16:00,TIME,6074.250000000001,106.27302340249999,5967.976976597501
2026-07-28,2026-07-28,bear_call,2026-07-28 10:23:00,24000,65,24000,24400,29.35,24092.25,0.07848101265822785,0.08813559322033898,23988.4,2026-07-28 15:16:00,TIME,1904.5,97.21481942299998,1807.2851805770001
2026-07-29,2026-08-04,bear_call,2026-07-29 10:48:00,24200,65,24200,24600,124.69999999999999,17894.5,0.06329113924050633,0.10508474576271186,24220.2,2026-07-30 15:16:00,TIME,-1153.75,113.49194192750001,-1267.2419419275
2026-07-31,2026-08-04,bull_put,2026-07-31 10:22:00,24350,65,24350,23950,83.95,20543.25,0.9151898734177215,0.8440677966101695,24351.9,2026-08-03 15:16:00,TIME,4946.500000000001,104.23067682999998,4842.269323170001
2026-08-04,2026-08-04,bull_put,2026-08-04 10:18:00,24600,65,24600,24200,29.15,24105.25,0.8126582278481013,0.8813559322033898,24619.0,2026-08-04 15:16:00,TIME,-6090.499999999999,100.865540289,-6191.365540288999
2026-08-05,2026-08-11,bear_call,2026-08-05 10:27:00,24600,65,24600,25000,132.54999999999998,17384.250000000004,0.12531645569620253,0.18305084745762712,24594.25,2026-08-06 15:16:00,TIME,-1173.2500000000007,117.2889261575,-1290.5389261575008
2026-08-07,2026-08-11,bear_call,2026-08-07 10:19:00,24550,65,24550,24950,130.1,17543.5,0.04177215189873418,0.04067796610169491,24574.8,2026-08-10 15:16:00,TIME,1647.7500000000005,112.63930804149999,1535.1106919585004
2026-08-11,2026-08-11,bull_put,2026-08-11 10:29:00,24500,65,24500,24100,60.15,22090.25,0.8696202531645569,0.9491525423728814,24482.55,2026-08-11 15:16:00,TIME,1589.2500000000002,101.07681290250001,1488.1731870975002
2026-08-12,2026-08-18,bull_put,2026-08-12 10:20:00,24350,65,24350,23950,86.65,20367.75,0.8645569620253165,0.8203389830508474,24373.5,2026-08-13 15:16:00,TIME,1875.2500000000005,106.6955905995,1768.5544094005004
2026-08-14,2026-08-18,bear_call,2026-08-14 10:17:00,24350,65,24350,24750,94.85,19834.75,0.14303797468354432,0.06779661016949153,24342.8,2026-08-17 15:16:00,TIME,1608.75,106.29444940449999,1502.4555505955
2026-08-18,2026-08-18,bear_call,2026-08-18 10:16:00,24200,65,24200,24600,42.55,23234.25,0.07721518987341772,0.03728813559322034,24210.35,2026-08-18 15:16:00,TIME,1651.0,98.934673078,1552.065326922
